"","Grid","effort_start","effort_end","hours","effort_hours","effort_secs"
"1","K1010",2017-04-05 10:47:04,2017-05-10 08:19:20,837.537777777778,837.537777777778,3015136
"2","K1011",2017-04-03 11:45:23,2017-04-05 18:17:00,54.5269444444444,883.878888888889,3181964
"3","K1011",2017-04-05 19:17:00,2017-05-10 08:38:07,829.351944444444,883.878888888889,3181964
"4","K743",2017-04-04 09:00:08,2017-05-09 07:35:52,838.595555555556,838.595555555556,3018944
"5","K781",2017-04-03 13:47:27,2017-04-09 21:44:00,151.9425,353.741666666667,1273470
"6","K781",2017-04-09 22:44:00,2017-04-18 08:31:57,201.799166666667,353.741666666667,1273470
"7","K781_2",2017-04-18 09:51:45,2017-05-04 21:39:57,395.803333333333,395.803333333333,1424892
"8","K782",2017-04-03 14:42:28,2017-05-08 06:11:03,831.476388888889,831.476388888889,2993315
"9","K783",2017-04-03 19:19:45,2017-05-09 17:33:00,862.220833333333,862.220833333333,3103995
"10","K819",2017-04-03 16:14:38,2017-05-03 14:28:20,718.228333333333,718.228333333333,2585622
"11","K820",2017-04-03 17:05:05,2017-05-06 23:37:06,798.533611111111,798.533611111111,2874721
"12","K821",2017-04-03 18:00:58,2017-04-30 08:20:17,638.321944444444,638.321944444444,2297959
"13","K822",2017-04-03 20:09:03,2017-04-30 23:04:09,650.918333333333,650.918333333333,2343306
"14","K826",2017-04-05 14:11:53,2017-05-09 10:22:38,812.179166666667,812.179166666667,2923845
"15","K827",2017-04-05 14:52:02,2017-05-01 17:13:51,626.363611111111,626.363611111111,2254909
"16","K855",2017-04-04 12:43:51,2017-05-09 09:44:40,837.013611111111,837.013611111111,3013249
"17","K856",2017-04-03 19:43:46,2017-05-09 08:29:00,852.753888888889,860.803888888889,3098894
"18","K856",2017-05-09 09:29:00,2017-05-09 17:32:00,8.05,860.803888888889,3098894
"19","K857",2017-04-12 04:10:25,2017-05-09 08:19:08,652.145277777778,652.145277777778,2347723
"20","K858",2017-04-03 16:26:14,2017-05-09 04:46:58,852.345555555556,852.345555555556,3068444
"21","K859",2017-04-03 17:09:17,2017-05-09 06:19:23,853.168333333333,853.168333333333,3071406
"22","K860",2017-04-03 12:49:25,2017-05-09 06:33:56,857.741944444444,857.741944444444,3087871
"23","K861",2017-04-04 10:49:48,2017-05-07 23:34:26,804.743888888889,804.743888888889,2897078
"24","K893",2017-04-04 13:17:15,2017-05-09 09:52:52,836.593611111111,836.593611111111,3011737
"25","K894",2017-04-04 08:49:12,2017-05-07 00:17:12,783.466666666667,783.466666666667,2820480
"26","K896",2017-04-03 18:37:10,2017-05-05 22:42:00,772.080555555556,853.551388888889,3072785
"27","K896",2017-05-05 23:42:00,2017-05-09 09:10:15,81.4708333333333,853.551388888889,3072785
"28","K897",2017-04-03 17:55:31,2017-04-23 18:06:00,480.174722222222,864.158333333333,3110970
"29","K897",2017-04-23 19:06:00,2017-05-09 19:05:01,383.983611111111,864.158333333333,3110970
"30","K898",2017-04-03 13:40:25,2017-04-23 08:03:40,474.3875,474.3875,1707795
"31","K902",2017-04-04 12:11:39,2017-05-10 06:23:07,858.191111111111,858.191111111111,3089488
"32","K931",2017-04-04 09:40:09,2017-05-08 20:00:16,826.335277777778,826.335277777778,2974807
"33","K932",2017-04-04 10:17:23,2017-05-05 22:47:09,756.496111111111,756.496111111111,2723386
"34","K933",2017-04-05 09:25:14,2017-05-09 06:01:07,812.598055555556,812.598055555556,2925353
"35","K934",2017-04-03 14:37:32,2017-04-14 05:37:00,254.991111111111,328.351666666667,1182066
"36","K934",2017-04-14 06:37:00,2017-04-17 07:58:38,73.3605555555555,328.351666666667,1182066
"37","K939",2017-04-04 13:11:18,2017-04-22 14:13:06,433.03,433.03,1558908
"38","K968",2017-04-04 14:27:43,2017-04-27 05:35:56,543.136944444444,543.136944444444,1955293
"39","K969",2017-04-05 08:49:34,2017-05-02 03:31:40,642.701666666667,642.701666666667,2313726
"40","K974",2017-04-04 14:17:22,2017-05-10 05:07:00,854.827222222222,854.827222222222,3077378
"41","K975",2017-04-05 12:25:35,2017-05-10 08:50:17,836.411666666667,836.411666666667,3011082
"42","K976",2017-04-05 13:03:22,2017-04-29 11:40:44,574.622777777778,574.622777777778,2068642
"43","S100",2016-12-22 18:41:09,2017-01-29 14:58:05,908.282222222222,908.282222222222,3269816
"44","S104",2016-12-25 13:12:29,2017-01-29 15:42:18,842.496944444444,842.496944444444,3032989
"45","S107",2016-12-22 19:03:27,2017-01-29 15:31:43,908.471111111111,908.471111111111,3270496
"46","S108",2016-12-25 09:44:39,2017-01-29 14:18:30,844.564166666667,844.564166666667,3040431
"47","S109",2016-12-23 09:35:10,2017-01-18 03:38:00,618.047222222222,914.051111111111,3290584
"48","S109",2017-01-18 04:38:00,2017-01-30 12:38:14,296.003888888889,914.051111111111,3290584
"49","S110",2016-12-23 10:13:29,2017-01-30 12:48:58,914.591388888889,914.591388888889,3292529
"50","S111",2016-12-23 10:08:43,2016-12-26 16:06:28,77.9625,77.9625,280665
"51","S112",2016-12-23 12:24:11,2017-01-30 13:18:04,912.898055555556,912.898055555556,3286433
"52","S113",2016-12-23 14:04:56,2017-01-06 16:20:00,338.251111111111,889.360555555555,3201698
"53","S113",2017-01-06 17:20:00,2017-01-29 16:26:34,551.109444444444,889.360555555555,3201698
"54","S114",2016-12-25 14:30:34,2017-01-29 16:13:50,841.721111111111,841.721111111111,3030196
"55","S115",2016-12-26 17:22:21,2017-01-29 15:55:53,814.558888888889,814.558888888889,2932412
"56","S116",2016-12-26 18:22:28,2017-01-29 17:03:39,814.686388888889,814.686388888889,2932871
"57","S120",2016-12-23 11:10:50,2016-12-30 16:24:24,173.226111111111,173.226111111111,623614
"58","S121",2016-12-23 13:36:07,2017-01-29 15:59:31,890.39,890.39,3205404
"59","S122",2016-12-23 18:34:18,2017-01-29 14:49:09,884.2475,884.2475,3183291
"60","S123",2016-12-24 11:31:43,2017-01-29 17:02:02,869.505277777778,869.505277777778,3130219
"61","S123_1",2016-12-24 09:42:11,2017-01-29 14:37:20,868.919166666667,868.919166666667,3128109
"62","S124",2016-12-24 17:05:23,2017-01-30 15:29:48,886.406944444444,886.406944444444,3191065
"63","S125",2016-12-25 10:43:18,2017-01-29 18:23:53,847.676388888889,847.676388888889,3051635
"64","S126",2016-12-25 12:24:55,2017-01-29 16:45:29,844.342777777778,844.342777777778,3039634
"65","S127",2016-12-25 16:02:24,2017-01-30 18:06:10,866.062777777778,866.062777777778,3117826
"66","S128",2016-12-25 17:19:06,2017-01-30 17:52:43,864.560277777778,864.560277777778,3112417
"67","S130",2016-12-24 10:40:40,2017-01-03 15:20:45,244.668055555556,244.668055555556,880805
"68","S131",2016-12-26 11:32:22,2017-01-30 17:35:02,846.044444444444,846.044444444444,3045760
"69","S132",2016-12-23 12:33:26,2017-01-29 16:21:10,891.795555555556,891.795555555556,3210464
"70","S133",2016-12-23 17:32:27,2017-01-29 16:40:30,887.134166666667,887.134166666667,3193683
"71","S134",2016-12-24 10:40:40,2017-01-29 17:23:34,870.715,870.715,3134574
"72","S135",2016-12-24 18:10:56,2017-01-29 17:38:18,863.456111111111,863.456111111111,3108442
"73","S136",2016-12-24 19:01:18,2017-01-29 18:06:36,863.088333333333,863.088333333333,3107118
"74","S137",2016-12-24 12:58:31,2017-01-30 15:57:37,890.985,890.985,3207546
"75","S138",2016-12-24 14:36:10,2017-01-30 16:19:49,889.7275,889.7275,3203019
"76","S138_1",2016-12-24 13:48:57,2017-01-05 23:04:19,297.256111111111,297.256111111111,1070122
"77","S140",2016-12-26 17:00:58,2017-01-30 16:51:09,839.836388888889,839.836388888889,3023411
"78","S141",2016-12-26 18:11:16,2017-01-30 17:01:01,838.829166666667,838.829166666667,3019785
"79","S142",2016-12-26 13:14:57,2016-12-29 17:00:00,75.7508333333333,842.947222222222,3034610
"80","S142",2016-12-29 18:00:00,2017-01-30 17:11:47,767.196388888889,842.947222222222,3034610
"81","S59",2016-12-25 11:29:57,2017-01-06 06:04:00,282.5675,861.050555555556,3099782
"82","S59",2017-01-06 07:04:00,2017-01-30 09:32:59,578.483055555556,861.050555555556,3099782
"83","S64",2016-12-24 12:43:46,2017-01-30 09:14:31,884.5125,884.5125,3184245
"84","S65",2016-12-24 13:35:40,2017-01-30 11:02:25,885.445833333333,885.445833333333,3187605
"85","S66",2016-12-18 10:40:03,2017-01-30 10:44:38,1032.07638888889,1032.07638888889,3715475
"86","S74",2016-12-22 11:59:58,2017-01-29 13:39:45,913.663055555556,913.663055555556,3289187
"87","S75",2016-12-22 13:16:03,2017-01-29 13:59:09,912.718333333333,912.718333333333,3285786
"88","S76",2016-12-22 17:50:04,2017-01-30 11:29:06,929.650555555556,929.650555555556,3346742
"89","S77",2016-12-24 11:18:55,2017-01-30 11:41:42,888.379722222222,888.379722222222,3198167
"90","S78",2016-12-29 12:48:48,2017-02-01 18:39:31,821.845277777778,821.845277777778,2958643
"91","S79",2016-12-26 11:50:22,2016-12-29 07:47:00,67.9438888888889,111.285833333333,400629
"92","S79",2016-12-29 08:47:00,2016-12-31 04:07:31,43.3419444444444,111.285833333333,400629
"93","S86",2016-12-22 10:25:33,2017-01-29 13:17:20,914.863055555556,914.863055555556,3293507
"94","S87",2016-12-23 18:20:28,2017-01-15 12:25:00,546.075555555556,882.845277777778,3178243
"95","S87",2017-01-15 13:25:00,2017-01-29 14:11:11,336.769722222222,882.845277777778,3178243
"96","S88",2016-12-22 14:23:06,2017-01-29 14:30:04,912.116111111111,912.116111111111,3283618
"97","S89",2016-12-24 10:06:35,2017-01-29 14:41:58,868.589722222222,868.589722222222,3126923
"98","S90",2016-12-26 13:45:12,2017-01-18 21:01:00,559.263333333333,819.120833333333,2948835
"99","S90",2017-01-18 22:01:00,2017-01-29 17:52:27,259.8575,819.120833333333,2948835
"100","S91",2016-12-26 11:13:53,2017-01-29 17:44:09,822.504444444444,822.504444444444,2961016
"101","S92",2016-12-26 16:30:10,2017-01-29 17:30:54,817.012222222222,817.012222222222,2941244
"102","S97",2016-12-22 18:08:47,2017-01-29 14:01:00,907.870277777778,907.870277777778,3268333
"103","S98",2016-12-23 16:56:16,2017-01-30 12:20:46,907.408333333333,907.408333333333,3266670
"104","S99",2016-12-23 19:08:40,2017-01-05 18:14:42,311.100555555556,311.100555555556,1119962
"105","OUT 316",2018-01-16 12:59:34,2018-01-21 07:47:00,114.790555555556,590.258888888889,2124932
"106","OUT 316",2018-02-03 12:12:00,2018-02-11 11:40:00,191.466666666667,590.258888888889,2124932
"107","OUT 316",2018-02-11 12:40:00,2018-02-23 08:40:06,284.001666666667,590.258888888889,2124932
"108","OUT 317",2018-01-28 18:49:50,2018-02-23 08:52:58,614.052222222222,614.052222222222,2210588
"109","OUT 327",2018-01-16 15:02:20,2018-02-23 09:17:12,906.247777777778,906.247777777778,3262492
"110","OUT 328",2018-01-16 14:30:16,2018-02-23 09:05:10,906.581666666667,906.581666666667,3263694
"111","OUT 329",2018-01-16 16:33:03,2018-01-28 09:34:00,281.015833333333,894.267222222222,3219362
"112","OUT 329",2018-01-28 19:18:00,2018-01-29 13:52:00,18.5666666666667,894.267222222222,3219362
"113","OUT 329",2018-01-29 14:52:00,2018-02-23 09:33:05,594.684722222222,894.267222222222,3219362
"114","OUT 330",2018-01-16 17:04:28,2018-02-23 09:45:41,904.686944444444,904.686944444444,3256873
"115","OUT 347",2018-01-18 14:29:14,2018-01-31 12:07:00,309.629444444444,590.192777777778,2124694
"116","OUT 347",2018-02-03 13:40:00,2018-02-04 11:12:00,21.5333333333333,590.192777777778,2124694
"117","OUT 347",2018-02-12 14:46:00,2018-02-18 10:57:00,140.183333333333,590.192777777778,2124694
"118","OUT 347",2018-02-18 11:57:00,2018-02-23 10:47:48,118.846666666667,590.192777777778,2124694
"119","OUT 348",2018-01-16 17:24:57,2018-02-23 10:01:42,904.6125,904.6125,3256605
"120","OUT 349",2018-01-16 17:44:50,2018-02-23 10:09:07,904.404722222222,904.404722222222,3255857
"121","OUT 350",2018-01-16 18:26:48,2018-02-23 10:21:25,903.910277777778,903.910277777778,3254077
"122","OUT 371",2018-01-16 19:03:18,2018-02-23 10:33:08,903.497222222222,903.497222222222,3252590
"123","OUT 462",2018-01-17 12:00:08,2018-02-23 12:01:09,888.016944444444,888.016944444444,3196861
"124","OUT 472",2018-01-17 12:37:05,2018-02-23 12:06:12,887.485277777778,887.485277777778,3194947
"125","OUT 479",2018-01-17 13:22:12,2018-02-23 12:23:09,887.015833333333,887.015833333333,3193257
"126","OUT 488",2018-02-09 12:59:21,2018-02-23 12:38:57,335.66,335.66,1208376
"127","OUT 506",2018-01-17 14:59:36,2018-02-01 08:09:00,353.156666666667,828.966388888889,2984279
"128","OUT 506",2018-02-03 16:11:00,2018-02-06 08:46:00,64.5833333333333,828.966388888889,2984279
"129","OUT 506",2018-02-06 09:46:00,2018-02-23 12:59:35,411.226388888889,828.966388888889,2984279
"130","OUT 529",2018-01-16 14:10:17,2018-02-23 12:54:05,910.73,910.73,3278628
"131","OUT 561",2018-01-16 14:43:01,2018-02-23 12:38:12,909.919722222222,909.919722222222,3275711
"132","OUT 562",2018-01-16 13:31:33,2018-01-25 16:54:00,219.374166666667,909.955277777778,3275839
"133","OUT 562",2018-01-25 17:54:00,2018-02-23 12:28:52,690.581111111111,909.955277777778,3275839
"134","OUT 597",2018-01-16 15:14:30,2018-02-23 12:15:16,909.012777777778,909.012777777778,3272446
"135","OUT 598",2018-01-16 15:46:07,2018-02-23 12:04:55,908.313333333333,908.313333333333,3269928
"136","OUT 619",2018-01-16 16:20:02,2018-01-25 10:53:00,210.549444444444,906.589166666667,3263721
"137","OUT 619",2018-01-25 11:53:00,2018-02-23 11:55:23,696.039722222222,906.589166666667,3263721
"138","OUT 620",2018-01-16 17:56:27,2018-02-23 11:42:51,905.773333333333,905.773333333333,3260784
"139","OUT 627",2018-02-03 18:04:34,2018-02-23 11:26:53,473.371944444444,473.371944444444,1704139
"140","OUT 628",2018-01-16 18:40:18,2018-02-23 11:10:51,904.509166666667,904.509166666667,3256233
"141","OUT 629",2018-01-16 17:22:43,2018-02-23 10:55:32,905.546944444444,905.546944444444,3259969
"142","OUT 637",2018-01-17 16:19:24,2018-02-23 10:41:13,882.363611111111,882.363611111111,3176509
"143","OUT 638",2018-01-17 17:05:40,2018-01-21 14:10:00,93.0722222222222,781.401944444444,2813047
"144","OUT 638",2018-01-25 17:08:00,2018-02-13 08:34:00,447.433333333333,781.401944444444,2813047
"145","OUT 638",2018-02-13 09:34:00,2018-02-23 10:27:47,240.896388888889,781.401944444444,2813047
"146","OUT 643",2018-01-18 12:36:40,2018-02-16 08:11:00,691.572222222222,857.940833333333,3088587
"147","OUT 643",2018-02-16 09:11:00,2018-02-23 07:33:07,166.368611111111,857.940833333333,3088587
"148","OUT 647",2018-01-17 18:08:25,2018-02-23 10:07:21,879.982222222222,879.982222222222,3167936
"149","OUT 648",2018-01-17 18:49:37,2018-02-23 09:52:29,879.047777777778,879.047777777778,3164572
"150","OUT 649",2018-01-18 11:59:08,2018-02-23 09:18:10,861.317222222222,861.317222222222,3100742
"151","GAJ_1",2017-12-05 12:52:57,2018-01-12 14:47:07,913.902777777778,913.902777777778,3290050
"152","GAJ_12",2017-12-05 14:57:25,2018-01-12 15:19:56,912.375277777778,912.375277777778,3284551
"153","GAJ_13",2017-12-05 16:29:21,2018-01-09 14:18:49,837.824444444444,837.824444444444,3016168
"154","GAJ_20",2017-12-05 12:48:01,2018-01-12 14:50:52,914.0475,914.0475,3290571
"155","GAJ_21",2017-12-05 14:00:12,2018-01-11 18:53:39,892.890833333333,892.890833333333,3214407
"156","GAJ_5",2017-12-05 14:21:45,2018-01-12 15:16:37,912.914444444444,912.914444444444,3286492
"157","GAJ_6",2017-12-05 13:27:22,2018-01-12 15:02:23,913.583611111111,913.583611111111,3288901
"158","GAJ_7",2017-12-05 13:49:16,2018-01-10 12:30:06,862.680555555556,862.680555555556,3105650
"159","G200",2017-02-12 14:37:47,2017-03-28 19:02:33,1060.41277777778,1060.41277777778,3817486
"160","G202",2017-02-19 10:51:23,2017-03-10 18:12:00,463.343611111111,889.981388888889,3203933
"161","G202",2017-03-10 19:12:00,2017-03-28 13:50:16,426.637777777778,889.981388888889,3203933
"162","G203",2017-02-11 17:06:38,2017-03-28 17:54:49,1080.80305555556,1080.80305555556,3890891
"163","G207",2017-02-11 19:10:42,2017-03-18 18:12:00,839.021666666667,1078.62,3883032
"164","G207",2017-03-18 19:12:00,2017-03-28 18:47:54,239.598333333333,1078.62,3883032
"165","G208",2017-02-11 18:05:40,2017-03-28 12:54:16,1074.81,1074.81,3869316
"166","G209",2017-02-11 16:48:02,2017-03-28 17:22:41,1080.5775,1080.5775,3890079
"167","G210",2017-02-12 13:02:21,2017-03-28 18:36:31,1061.56944444444,1061.56944444444,3821650
"168","G211",2017-02-11 13:38:37,2017-03-28 18:06:08,1084.45861111111,1084.45861111111,3904051
"169","G212",2017-02-11 13:53:41,2017-03-28 17:10:22,1083.27805555556,1083.27805555556,3899801
"170","G213",2017-02-12 12:13:04,2017-03-28 17:45:15,1061.53638888889,1061.53638888889,3821531
"171","G214",2017-02-11 12:34:56,2017-03-22 03:08:00,926.551111111111,939.272777777778,3381382
"172","G214",2017-03-22 04:08:00,2017-03-22 16:51:18,12.7216666666667,939.272777777778,3381382
"173","G215",2017-02-11 12:45:59,2017-03-28 16:59:51,1084.23111111111,1084.23111111111,3903232
"174","G216",2017-02-12 11:05:18,2017-03-28 17:34:13,1062.48194444444,1062.48194444444,3824935
"175","G217",2017-02-12 10:17:47,2017-03-28 17:21:31,1063.06222222222,1063.06222222222,3827024
"176","G218",2017-02-12 09:37:18,2017-02-13 00:49:00,15.195,907.075277777778,3265471
"177","G218",2017-02-19 12:15:00,2017-03-08 20:13:00,415.966666666667,907.075277777778,3265471
"178","G218",2017-03-08 21:13:00,2017-03-28 17:07:49,475.913611111111,907.075277777778,3265471
"179","Mia 1",2018-04-26 18:28:21,2018-04-28 15:10:00,44.6941666666667,780.833055555556,2810999
"180","Mia 1",2018-04-28 16:10:00,2018-05-29 08:18:20,736.138888888889,780.833055555556,2810999
"181","Mia 10",2018-04-27 20:30:11,2018-05-29 08:18:15,755.801111111111,755.801111111111,2720884
"182","Mia 12",2018-04-26 19:43:38,2018-05-29 09:05:43,781.368055555556,781.368055555556,2812925
"183","Mia 13",2018-04-26 18:34:31,2018-05-29 05:35:55,779.023333333333,779.023333333333,2804484
"184","Mia 14",2018-04-27 08:31:32,2018-05-29 07:29:50,766.971666666667,766.971666666667,2761098
"185","Mia 15",2018-04-28 08:41:41,2018-05-29 11:16:40,746.583055555556,746.583055555556,2687699
"186","Mia 16",2018-04-28 09:46:08,2018-05-29 11:04:03,745.298611111111,745.298611111111,2683075
"187","Mia 17",2018-04-28 20:05:39,2018-05-29 08:18:36,732.215833333333,732.215833333333,2635977
"188","Mia 18",2018-04-28 18:51:16,2018-05-28 18:09:04,719.296666666667,719.296666666667,2589468
"189","Mia 19",2018-04-28 08:47:14,2018-05-01 06:31:00,69.7294444444444,742.245833333333,2672085
"190","Mia 19",2018-05-01 07:31:00,2018-05-29 08:01:59,672.516388888889,742.245833333333,2672085
"191","Mia 2",2018-04-26 19:30:12,2018-05-07 16:24:00,260.896666666667,779.710277777778,2806957
"192","Mia 2",2018-05-07 17:24:00,2018-05-29 08:12:49,518.813611111111,779.710277777778,2806957
"193","Mia 20",2018-04-27 18:47:55,2018-05-28 14:44:30,739.943055555556,739.943055555556,2663795
"194","Mia 21",2018-04-27 10:10:19,2018-05-28 20:02:46,753.874166666667,753.874166666667,2713947
"195","Mia 22",2018-04-28 10:46:32,2018-05-29 11:09:14,744.378333333333,744.378333333333,2679762
"196","Mia 23",2018-04-28 09:47:16,2018-05-28 17:22:16,727.583333333333,727.583333333333,2619300
"197","Mia 24",2018-04-27 19:50:17,2018-05-29 06:15:09,754.414444444444,754.414444444444,2715892
"198","Mia 3",2018-04-27 19:02:16,2018-05-28 09:43:20,734.684444444444,734.684444444444,2644864
"199","Mia 4",2018-04-27 09:00:06,2018-05-21 08:15:00,575.248333333333,751.433888888889,2705162
"200","Mia 4",2018-05-21 09:15:00,2018-05-28 17:26:08,176.185555555556,751.433888888889,2705162
"201","Mia 5",2018-04-26 20:18:57,2018-04-30 10:24:00,86.0841666666667,763.278611111111,2747803
"202","Mia 5",2018-04-30 11:24:00,2018-05-28 16:35:40,677.194444444444,763.278611111111,2747803
"203","Mia 6",2018-04-27 20:02:54,2018-05-29 08:20:09,756.2875,756.2875,2722635
"204","Mia 7",2018-04-27 19:35:54,2018-05-29 08:36:07,757.003611111111,757.003611111111,2725213
"205","Mia 8",2018-04-27 10:07:09,2018-05-25 19:13:00,681.0975,753.019722222222,2710871
"206","Mia 8",2018-05-25 20:13:00,2018-05-28 20:08:20,71.9222222222222,753.019722222222,2710871
"207","Mia 9",2018-04-27 11:02:40,2018-05-29 07:39:44,764.617777777778,764.617777777778,2752624
"208","Out 111",2018-04-29 11:00:47,2018-05-29 09:29:17,718.475,718.475,2586510
"209","Out 112",2018-04-29 20:18:00,2018-05-29 09:06:43,708.811944444444,708.811944444444,2551723
"210","Out 124",2018-04-30 12:03:52,2018-05-20 12:16:00,480.202222222222,690.644444444445,2486320
"211","Out 124",2018-05-20 13:16:00,2018-05-29 07:42:32,210.442222222222,690.644444444445,2486320
"212","Out 132",2018-04-29 19:02:50,2018-05-29 08:58:55,709.934722222222,709.934722222222,2555765
"213","Out 134",2018-04-30 19:49:53,2018-05-29 07:57:34,684.128055555556,684.128055555556,2462861
"214","Out 137",2018-04-30 11:18:18,2018-05-29 09:39:49,694.358611111111,694.358611111111,2499691
"215","Out 139",2018-04-30 10:00:49,2018-05-29 09:22:06,695.354722222222,695.354722222222,2503277
"216","Out 141",2018-04-30 08:56:08,2018-05-29 09:13:34,696.290555555556,696.290555555556,2506646
"217","Out 29",2018-04-28 18:54:02,2018-05-29 09:31:10,734.618888888889,734.618888888889,2644628
"218","Out 31",2018-04-28 20:14:53,2018-05-29 09:47:40,733.546388888889,733.546388888889,2640767
"219","Out 32",2018-04-29 08:22:41,2018-05-29 04:23:48,716.018611111111,716.018611111111,2577667
"220","Out 42",2018-04-30 18:48:07,2018-05-29 10:40:09,687.867222222222,687.867222222222,2476322
"221","Out 44",2018-04-30 09:27:40,2018-05-28 00:49:53,663.370277777778,663.370277777778,2388133
"222","Out 46",2018-04-29 09:26:13,2018-05-18 07:33:00,454.113055555556,715.45,2575620
"223","Out 46",2018-05-18 11:53:00,2018-05-27 08:50:00,212.95,715.45,2575620
"224","Out 46",2018-05-27 09:50:00,2018-05-29 10:13:13,48.3869444444444,715.45,2575620
"225","Out 55",2018-04-30 19:27:44,2018-05-29 06:01:26,682.561666666667,682.561666666667,2457222
"226","Out 57",2018-04-30 10:37:11,2018-05-29 10:33:40,695.941388888889,695.941388888889,2505389
"227","Out 59",2018-04-29 10:41:56,2018-05-29 10:22:37,719.678055555556,719.678055555556,2590841
"228","Out 66",2018-04-30 11:29:35,2018-05-29 10:29:03,694.991111111111,694.991111111111,2501968
"229","Out 67",2018-04-30 12:11:56,2018-05-29 10:37:55,694.433055555556,694.433055555556,2499959
"230","Out 68",2018-05-01 09:23:20,2018-05-29 10:21:24,672.967777777778,672.967777777778,2422684
"231","Out 76",2018-04-29 08:32:05,2018-05-28 19:39:58,707.131388888889,707.131388888889,2545673
"232","Out 78",2018-04-30 12:54:30,2018-05-29 10:41:45,693.7875,693.7875,2497635
"233","Out 91",2018-04-29 09:42:42,2018-05-29 10:02:14,720.325555555556,720.325555555556,2593172
"234","Out 92",2018-04-30 19:06:39,2018-05-29 06:34:38,683.466388888889,683.466388888889,2460479
"235","Ram 36",2017-12-03 11:43:18,2018-01-11 12:02:16,936.316111111111,936.316111111111,3370738
"236","Ram 37",2017-12-03 11:10:28,2018-01-11 11:40:41,936.503611111111,936.503611111111,3371413
"237","Ram 38",2017-12-03 11:08:02,2018-01-11 11:25:19,936.288055555556,936.288055555556,3370637
"238","Ram 39",2017-12-03 17:04:54,2018-01-11 14:29:40,933.412777777778,933.412777777778,3360286
"239","RAM 40",2017-12-03 16:15:15,2017-12-19 16:57:00,384.695833333333,901.601944444444,3245767
"240","RAM 40",2017-12-19 17:57:00,2018-01-10 06:51:22,516.906111111111,901.601944444444,3245767
"241","RAM 41",2017-12-03 12:20:07,2018-01-11 12:05:00,935.748055555556,935.748055555556,3368693
"242","Ram 42",2017-12-03 12:32:30,2017-12-23 21:02:00,488.491666666667,934.178888888889,3363044
"243","Ram 42",2017-12-23 22:02:00,2018-01-11 11:43:14,445.687222222222,934.178888888889,3363044
"244","Ram 43",2017-12-03 13:39:00,2017-12-08 07:20:00,113.683333333333,710.273333333333,2556984
"245","Ram 43",2017-12-17 13:54:00,2018-01-08 09:16:00,523.366666666667,710.273333333333,2556984
"246","Ram 43",2018-01-08 10:16:00,2018-01-11 11:29:24,73.2233333333333,710.273333333333,2556984
"247","Ram 44",2017-12-03 18:47:39,2018-01-11 11:00:31,928.214444444444,928.214444444444,3341572
"248","Ram 45",2017-12-03 11:30:05,2018-01-11 10:47:55,935.297222222222,935.297222222222,3367070
"249","RAM 46",2017-12-03 15:44:18,2018-01-11 12:31:44,932.790555555556,932.790555555556,3358046
"250","RAM 47",2017-12-03 12:49:39,2017-12-11 08:08:00,187.305833333333,935.736388888889,3368651
"251","RAM 47",2017-12-11 09:08:00,2018-01-11 13:33:50,748.430555555556,935.736388888889,3368651
"252","Ram 48",2017-12-03 15:02:23,2018-01-11 13:36:24,934.566944444444,934.566944444444,3364441
"253","Ram 49",2017-12-03 14:25:25,2018-01-09 10:46:13,884.346666666667,884.346666666667,3183648
"254","RAM 51",2017-12-03 11:19:42,2018-01-11 10:46:28,935.446111111111,935.446111111111,3367606
"255","Ram 52",2017-12-03 14:59:09,2017-12-15 17:19:00,290.330833333333,892.8825,3214377
"256","Ram 52",2017-12-15 18:19:00,2018-01-09 20:52:06,602.551666666667,892.8825,3214377
"257","Ram 53",2017-12-03 14:12:00,2017-12-29 11:38:00,621.433333333333,767.707222222222,2763746
"258","Ram 53",2017-12-29 12:38:00,2018-01-04 14:54:26,146.273888888889,767.707222222222,2763746
"259","Ram 54",2017-12-03 11:53:02,2017-12-23 17:29:00,485.599444444444,936.554444444444,3371596
"260","Ram 54",2017-12-23 18:29:00,2018-01-11 13:26:18,450.955,936.554444444444,3371596
"261","Ram 55",2017-12-03 12:54:30,2018-01-11 13:50:04,936.926111111111,936.926111111111,3372934
"262","Ram 56",2017-12-03 15:07:00,2018-01-04 13:08:00,766.016666666667,931.006666666667,3351624
"263","Ram 56",2018-01-04 14:08:00,2018-01-11 11:07:24,164.99,931.006666666667,3351624
"264","Ram 57",2017-12-03 13:39:11,2018-01-11 15:07:14,937.4675,937.4675,3374883
"265","Ram 58",2017-11-30 23:03:38,2018-01-11 12:50:21,997.778611111111,997.778611111111,3592003
"266","Ram 60",2017-12-03 17:04:44,2018-01-11 13:52:15,932.791944444444,932.791944444444,3358051
"267","Ram 61",2017-12-03 16:27:22,2018-01-11 13:58:56,933.526111111111,933.526111111111,3360694
"268","RAM 62",2017-12-03 17:49:17,2018-01-11 11:07:46,929.308055555556,929.308055555556,3345509
"269","Ram 63",2017-12-03 17:27:51,2018-01-11 15:03:53,933.600555555556,933.600555555556,3360962
"270","RAS 1",2018-03-11 19:32:45,2018-03-23 21:52:00,290.320833333333,905.707777777778,3260548
"271","RAS 1",2018-03-23 22:52:00,2018-04-18 14:15:13,615.386944444444,905.707777777778,3260548
"272","RAS 10",2018-03-11 09:02:25,2018-04-18 14:41:58,917.659166666667,917.659166666667,3303573
"273","RAS 11",2018-03-11 10:24:31,2018-04-18 18:26:43,920.036666666667,920.036666666667,3312132
"274","RAS 12",2018-03-11 12:27:50,2018-03-22 10:49:00,262.352777777778,909.139722222222,3272903
"275","RAS 12",2018-03-22 11:49:00,2018-04-18 10:36:13,646.786944444444,909.139722222222,3272903
"276","RAS 13",2018-03-11 13:19:25,2018-04-18 18:16:23,916.949444444444,916.949444444444,3301018
"277","RAS 14",2018-03-10 18:53:37,2018-04-18 17:43:23,934.829444444444,934.829444444444,3365386
"278","RAS 15",2018-03-11 11:50:20,2018-03-19 14:58:00,195.127777777778,711.776111111111,2562394
"279","RAS 15",2018-03-24 11:35:00,2018-03-28 18:47:00,103.2,711.776111111111,2562394
"280","RAS 15",2018-04-01 11:25:00,2018-04-14 18:31:00,319.1,711.776111111111,2562394
"281","RAS 15",2018-04-14 19:31:00,2018-04-18 17:51:54,94.3483333333333,711.776111111111,2562394
"282","RAS 16",2018-03-11 11:18:46,2018-04-18 01:31:55,902.219166666667,902.219166666667,3247989
"283","RAS 17",2018-03-11 13:53:40,2018-04-18 18:03:15,916.159722222222,916.159722222222,3298175
"284","RAS 2",2018-03-11 17:40:10,2018-04-17 13:33:00,883.880555555556,883.880555555556,3181970
"285","RAS 3",2018-03-11 18:35:18,2018-04-18 15:40:44,909.090555555556,909.090555555556,3272726
"286","RAS 4",2018-03-10 18:23:41,2018-04-15 12:46:14,858.375833333333,858.375833333333,3090153
"287","RAS 5",2018-03-10 19:06:57,2018-04-18 18:34:03,935.451666666667,935.451666666667,3367626
"288","RAS 6",2018-03-12 13:01:12,2018-04-03 00:07:00,515.096666666667,882.638333333333,3177498
"289","RAS 6",2018-04-03 10:48:00,2018-04-05 05:15:00,42.45,882.638333333333,3177498
"290","RAS 6",2018-04-05 06:15:00,2018-04-18 19:20:30,325.091666666667,882.638333333333,3177498
"291","RAS 7",2018-03-12 12:22:42,2018-04-17 07:55:21,859.544166666667,859.544166666667,3094359
"292","RAS 8",2018-03-12 10:53:27,2018-04-17 07:52:07,860.977777777778,860.977777777778,3099520
"293","RAS 9",2018-03-10 18:04:37,2018-04-18 17:34:36,935.499722222222,935.499722222222,3367799
"294","OUT 656",2018-03-11 16:40:07,2018-04-18 17:08:20,912.470277777778,912.470277777778,3284893
"295","OUT 658",2018-03-11 09:45:47,2018-04-05 13:57:00,604.186944444444,918.564444444444,3306832
"296","OUT 658",2018-04-05 14:57:00,2018-04-18 17:19:39,314.3775,918.564444444444,3306832
"297","OUT 662",2018-03-12 16:21:24,2018-04-18 19:22:24,891.016666666667,891.016666666667,3207660
"298","OUT 665",2018-03-12 15:21:00,2018-04-18 17:03:02,889.700555555556,889.700555555556,3202922
"299","OUT 671",2018-03-11 10:31:24,2018-03-12 16:21:00,29.8266666666667,917.927777777778,3304540
"300","OUT 671",2018-03-12 17:21:00,2018-04-18 17:27:04,888.101111111111,917.927777777778,3304540
"301","OUT 673",2018-03-11 12:00:57,2018-04-18 17:35:11,917.570555555556,917.570555555556,3303254
"302","OUT 693",2018-03-11 12:50:26,2018-03-18 05:26:00,160.592777777778,915.901111111111,3297244
"303","OUT 693",2018-03-18 06:26:00,2018-04-18 17:44:30,755.308333333333,915.901111111111,3297244
"304","OUT 712",2018-03-11 19:08:15,2018-04-10 20:08:00,720.995833333333,911.084166666667,3279903
"305","OUT 712",2018-04-10 21:08:00,2018-04-18 19:13:18,190.088333333333,911.084166666667,3279903
"306","OUT 715",2018-03-11 13:49:26,2018-04-18 17:54:31,916.084722222222,916.084722222222,3297905
"307","OUT 721",2018-03-11 19:44:45,2018-04-18 19:06:55,911.369444444444,911.369444444444,3280930
"308","OUT 730",2018-03-11 18:58:41,2018-04-06 13:04:00,618.088611111111,910.881388888889,3279173
"309","OUT 730",2018-04-06 14:04:00,2018-04-18 18:51:34,292.792777777778,910.881388888889,3279173
"310","OUT 732",2018-03-05 13:49:17,2018-03-07 07:03:00,41.2286111111111,1059.83194444444,3815395
"311","OUT 732",2018-03-07 08:03:00,2018-04-18 18:39:12,1018.60333333333,1059.83194444444,3815395
"312","OUT 741",2018-03-11 16:48:48,2018-04-14 15:42:00,814.886666666667,913.148333333333,3287334
"313","OUT 741",2018-04-14 16:42:00,2018-04-18 18:57:42,98.2616666666667,913.148333333333,3287334
"314","OUT 744",2018-03-11 17:30:19,2018-04-18 18:45:21,913.250555555556,913.250555555556,3287702
"315","OUT 747",2018-03-11 09:27:37,2018-04-02 07:43:05,526.257777777778,526.257777777778,1894528
"316","OUT 749",2018-03-11 19:29:39,2018-03-12 14:24:00,18.9058333333333,839.704722222222,3022937
"317","OUT 749",2018-03-15 12:32:00,2018-03-25 20:43:00,248.183333333333,839.704722222222,3022937
"318","OUT 749",2018-03-25 21:43:00,2018-04-18 18:19:56,572.615555555556,839.704722222222,3022937
"319","OUT 753",2018-03-11 12:40:40,2018-04-18 18:04:48,917.402222222222,917.402222222222,3302648
"320","OUT 755",2018-03-11 10:12:07,2018-04-12 02:56:00,760.731388888889,830.313055555556,2989127
"321","OUT 755",2018-04-15 19:50:00,2018-04-16 09:58:00,14.1333333333333,830.313055555556,2989127
"322","OUT 755",2018-04-16 10:58:00,2018-04-18 18:24:54,55.4483333333333,830.313055555556,2989127
"323","OUT 758",2018-03-11 11:54:35,2018-03-25 12:34:00,336.656944444444,917.330277777778,3302389
"324","OUT 758",2018-03-25 13:34:00,2018-04-18 18:14:24,580.673333333333,917.330277777778,3302389
"325","R143",2017-02-10 17:58:18,2017-03-28 13:32:48,1099.575,1099.575,3958470
"326","R145",2017-03-05 10:44:42,2017-03-28 13:17:54,554.553333333333,554.553333333333,1996392
"327","R149",2017-02-10 14:23:52,2017-03-28 12:51:46,1102.465,1102.465,3968874
"328","R151",2017-02-10 12:20:32,2017-03-28 10:02:24,1101.69777777778,1101.69777777778,3966112
"329","R153",2017-02-10 13:21:09,2017-02-22 06:35:00,281.230833333333,832.796666666667,2998068
"330","R153",2017-03-05 10:00:00,2017-03-05 18:03:00,8.05,832.796666666667,2998068
"331","R153",2017-03-05 19:03:00,2017-03-28 10:33:57,543.515833333333,832.796666666667,2998068
"332","R154",2017-02-09 18:18:18,2017-03-28 14:02:22,1123.73444444444,1123.73444444444,4045444
"333","R155",2017-02-09 18:58:38,2017-03-28 13:49:09,1122.84194444444,1122.84194444444,4042231
"334","R158",2017-02-10 11:05:15,2017-02-28 01:42:00,422.6125,1101.69972222222,3966119
"335","R158",2017-02-28 02:42:00,2017-03-28 09:47:14,679.087222222222,1101.69972222222,3966119
"336","R159",2017-02-09 19:35:33,2017-03-28 10:17:44,1118.70305555556,1118.70305555556,4027331
"337","R160",2017-02-09 17:30:41,2017-03-28 14:12:51,1124.70277777778,1124.70277777778,4048930
"338","R161",2017-02-09 20:01:05,2017-03-28 13:00:54,1120.99694444444,1120.99694444444,4035589
"339","R162",2017-02-10 19:29:05,2017-02-19 17:40:00,214.181944444444,1096.74861111111,3948295
"340","R162",2017-02-19 18:40:00,2017-03-28 13:14:00,882.566666666667,1096.74861111111,3948295
"341","R163",2017-02-10 20:06:15,2017-03-28 13:33:25,1097.45277777778,1097.45277777778,3950830
"342","R165",2017-02-10 19:18:59,2017-03-03 18:16:00,502.950277777778,1093.20055555556,3935522
"343","R165",2017-03-03 19:16:00,2017-03-28 09:31:01,590.250277777778,1093.20055555556,3935522
"344","R166",2017-02-12 19:03:10,2017-03-28 12:30:30,1049.45555555556,1049.45555555556,3778040
"345","R167",2017-02-09 16:39:07,2017-03-19 18:53:00,914.231388888889,1051.16666666667,3784200
"346","R167",2017-03-22 18:54:00,2017-03-23 09:34:00,14.6666666666667,1051.16666666667,3784200
"347","R167",2017-03-23 10:34:00,2017-03-28 12:50:07,122.268611111111,1051.16666666667,3784200
"348","R168",2017-02-11 10:35:40,2017-03-28 14:09:29,1083.56361111111,1083.56361111111,3900829
"349","R169",2017-02-10 18:49:48,2017-03-28 12:32:57,1097.71916666667,1097.71916666667,3951789
"350","R170",2017-02-10 15:03:27,2017-03-28 14:31:09,1103.46166666667,1103.46166666667,3972462
"351","R172",2017-02-10 09:05:11,2017-03-07 01:38:00,592.546944444444,673.9025,2426049
"352","R172",2017-03-07 02:38:00,2017-03-10 11:59:20,81.3555555555556,673.9025,2426049
"353","R173",2017-02-09 18:05:36,2017-02-28 19:55:09,457.825833333333,457.825833333333,1648173
"354","R173_1",2017-03-06 08:41:16,2017-03-28 12:22:54,531.693888888889,531.693888888889,1914098
"355","R174",2017-02-09 14:22:28,2017-03-09 18:23:00,676.008888888889,1084.28222222222,3903416
"356","R174",2017-03-09 19:23:00,2017-03-26 19:39:24,408.273333333333,1084.28222222222,3903416
"357","R175",2017-02-09 12:45:56,2017-03-28 12:14:47,1127.48083333333,1127.48083333333,4058931
"358","R177",2017-02-10 13:38:32,2017-02-24 13:43:06,336.076111111111,336.076111111111,1209874
"359","R178",2017-02-09 17:02:50,2017-03-28 08:44:35,1119.69583333333,1119.69583333333,4030905
"360","R179",2017-02-09 16:06:17,2017-03-28 14:27:14,1126.34916666667,1126.34916666667,4054857
"361","R180",2017-03-06 13:37:26,2017-03-23 17:51:00,412.226111111111,523.366944444444,1884121
"362","R180",2017-03-23 18:51:00,2017-03-28 09:59:27,111.140833333333,523.366944444444,1884121
"363","R181",2017-02-09 11:52:48,2017-03-28 11:20:22,1127.45944444444,1127.45944444444,4058854
"364","R182",2017-02-10 13:03:15,2017-02-18 15:59:00,194.929166666667,1101.48472222222,3965345
"365","R182",2017-02-18 16:59:00,2017-03-28 11:32:20,906.555555555556,1101.48472222222,3965345
"366","R183",2017-02-10 14:10:36,2017-03-28 11:54:44,1101.73555555556,1101.73555555556,3966248
"367","R184",2017-02-09 13:59:22,2017-03-28 14:38:05,1128.64527777778,1128.64527777778,4063123
"368","R185",2017-02-09 11:30:46,2017-03-28 14:46:47,1131.26694444444,1131.26694444444,4072561
"369","R186",2017-02-09 11:11:39,2017-03-28 09:26:16,1126.24361111111,1126.24361111111,4054477
"370","R187",2017-02-10 12:22:22,2017-03-28 09:15:30,1100.88555555556,1100.88555555556,3963188
"371","R188",2017-02-09 09:58:00,2017-03-28 09:00:15,1127.0375,1127.0375,4057335
"372","Cha_10",2017-12-02 10:15:07,2018-01-12 11:29:35,985.241111111111,985.241111111111,3546868
"373","Cha_15",2017-12-02 12:00:04,2018-01-12 11:57:58,983.965,983.965,3542274
"374","Cha_16",2017-12-02 13:39:03,2018-01-12 11:41:36,982.0425,982.0425,3535353
"375","Cha_19",2017-12-02 15:44:45,2017-12-11 17:30:00,217.754166666667,814.302777777778,2931490
"376","Cha_19",2017-12-18 15:28:00,2018-01-05 09:14:00,425.766666666667,814.302777777778,2931490
"377","Cha_19",2018-01-05 10:14:00,2018-01-12 13:00:55,170.781944444444,814.302777777778,2931490
"378","Cha_20",2017-12-02 13:51:32,2018-01-12 12:41:12,982.827777777778,982.827777777778,3538180
"379","Cha_22",2017-12-02 12:38:29,2018-01-12 11:51:30,983.216944444444,983.216944444444,3539581
"380","Cha_23",2017-12-01 18:33:44,2018-01-12 10:39:11,1000.09083333333,1000.09083333333,3600327
"381","Cha_25",2017-12-02 10:55:16,2018-01-12 12:48:46,985.891666666667,985.891666666667,3549210
"382","Cha_26",2017-12-02 11:33:23,2018-01-12 09:48:26,982.250833333333,982.250833333333,3536103
"383","Cha_27",2017-12-01 19:13:29,2018-01-12 10:07:29,998.9,998.9,3596040
"384","Cha_28",2017-12-01 18:30:25,2018-01-12 09:43:05,999.211111111111,999.211111111111,3597160
"385","Cha_29",2017-12-01 12:38:28,2018-01-12 10:28:15,1005.82972222222,1005.82972222222,3620987
"386","Cha_31-36",2017-12-02 10:31:11,2018-01-12 13:23:04,986.864722222222,986.864722222222,3552713
"387","Cha_32",2017-12-01 19:00:48,2017-12-10 09:52:00,206.853333333333,998.2875,3593835
"388","Cha_32",2017-12-10 10:52:00,2018-01-12 10:18:03,791.434166666667,998.2875,3593835
"389","Cha_33",2017-12-01 17:53:24,2018-01-12 09:37:44,999.738888888889,999.738888888889,3599060
"390","Cha_34",2017-12-01 14:58:19,2018-01-12 09:54:13,1002.93166666667,1002.93166666667,3610554
