Camera_id,inside_out,Cent_long,Cent_lat,Dist_to_En,Dist_to_Se,TRI_count,TRI_sum,TRI_mean,TRI_median,VALUE_0,VALUE_1,Proportion
Chouhani Cha_10,inside,70.567790000000002,26.622309999999999,-379.611590200000023,4093.639787000000069,"32",75.375000000000000,2.355470000000000,2.250000000000000,"195750","45900",0.189944134000000
Chouhani Cha_15,inside,70.574349999999995,26.620180000000001,-1027.069134999999960,4351.558906999999635,"34",65.625000000000000,1.930150000000000,1.750000000000000,"89325","152100",0.630009320000000
Chouhani Cha_16,inside,70.572260000000000,26.624189999999999,-578.272051700000020,3890.698395999999775,"34",112.000000000000000,3.294120000000000,3.375000000000000,"57375","184050",0.762348555000000
Chouhani Cha_19,inside,70.583010000000002,26.614020000000000,-682.541795999999977,5174.118387999999868,"33",78.125000000000000,2.367420000000000,2.375000000000000,"223875","17550",0.072693383000000
Chouhani Cha_20,inside,70.580910000000003,26.618040000000001,-975.357462499999997,4691.861737000000176,"32",95.000000000000000,2.968750000000000,2.875000000000000,"212175","29475",0.121973929000000
Chouhani Cha_22,inside,70.576729999999998,26.626080000000002,-801.241733199999999,3735.338459000000057,"32",88.125000000000000,2.753910000000000,2.500000000000000,"40275","201375",0.833333333000000
Chouhani Cha_23,inside,70.574629999999999,26.630089999999999,-441.469511500000010,3263.985333999999966,"33",152.875000000000000,4.632580000000000,4.250000000000000,"54450","187425",0.774883721000000
Chouhani Cha_25,inside,70.585380000000001,26.619920000000000,-622.746948299999985,4615.333848000000216,"33",96.750000000000000,2.931820000000000,2.875000000000000,"199350","42300",0.175046555000000
Chouhani Cha_26,inside,70.583290000000005,26.623940000000001,-647.939598100000012,4126.683981000000131,"30",101.875000000000000,3.395830000000000,3.250000000000000,"223425","18225",0.075418994000000
Chouhani Cha_27,inside,70.581199999999995,26.627960000000002,-798.359755299999961,3638.827728000000207,"33",102.750000000000000,3.113640000000000,3.250000000000000,"131175","110475",0.457169460000000
Chouhani Cha_28,inside,70.579099999999997,26.631979999999999,-568.993036899999993,3151.851829000000180,"34",149.375000000000000,4.393380000000000,4.375000000000000,"50400","191025",0.791239515000000
Chouhani Cha_29,inside,70.577320000000000,26.635400000000001,-151.017674300000010,2739.144416999999976,"23",71.000000000000000,3.086960000000000,2.500000000000000,"34200","135225",0.798140770000000
Chouhani Cha_31-36,inside,70.592190000000002,26.627230000000001,-171.760982600000006,4171.765191999999843,"34",145.625000000000000,4.283090000000000,4.125000000000000,"166950","74700",0.309124767000000
Chouhani Cha_32,inside,70.585669999999993,26.629840000000002,-307.248314600000015,3607.241050999999970,"31",121.625000000000000,3.923390000000000,3.750000000000000,"134100","107775",0.445581395000000
Chouhani Cha_33,inside,70.583479999999994,26.633690000000001,-212.615558600000014,3128.476095999999870,"30",143.625000000000000,4.787500000000000,5.187500000000000,"116100","106875",0.479313824000000
Chouhani Cha_34,inside,70.581659999999999,26.637329999999999,-192.911031400000013,2686.419899999999870,"23",67.750000000000000,2.945650000000000,2.875000000000000,"89325","83700",0.483745124000000
G200,inside,70.594290000000001,26.671800000000001,-168.392243600000000,2235.582042000000001,"34",71.875000000000000,2.113970000000000,2.125000000000000,"154125","87300",0.361602982000000
G202,inside,70.591819999999998,26.675429999999999,-402.546025999999983,2114.124342999999953,"31",42.375000000000000,1.366940000000000,1.250000000000000,"130275","111375",0.460893855000000
G203,inside,70.596130000000002,26.677389999999999,-331.736875899999973,1650.242837999999892,"34",99.750000000000000,2.933820000000000,3.062500000000000,"223200","18675",0.077209302000000
G207,inside,70.594149999999999,26.681249999999999,-443.024646599999983,1558.381887000000006,"34",45.250000000000000,1.330880000000000,1.250000000000000,"134100","107550",0.445065177000000
G208,inside,70.598770000000002,26.683440000000001,-631.095036899999968,1038.500913000000082,"33",59.000000000000000,1.787880000000000,1.500000000000000,"204975","37125",0.153345725000000
G209,inside,70.603009999999998,26.685020000000002,-325.473979699999973,584.690949100000012,"31",78.000000000000000,2.516130000000000,2.250000000000000,"182250","32175",0.150052466000000
G210,inside,70.592110000000005,26.685469999999999,-255.090564000000001,1604.429851000000099,"33",34.875000000000000,1.056820000000000,0.875000000000000,"145125","96750",0.400000000000000
G211,inside,70.596800000000002,26.687329999999999,-657.841167300000052,1118.441062999999986,"34",38.625000000000000,1.136030000000000,1.000000000000000,"126225","115425",0.477653631000000
G212,inside,70.601100000000002,26.689029999999999,-430.912188200000003,703.572713099999987,"31",39.750000000000000,1.282260000000000,1.250000000000000,"97875","136575",0.582533589000000
G213,inside,70.594309999999993,26.691279999999999,-307.556652900000017,1419.646792999999889,"31",42.625000000000000,1.375000000000000,1.250000000000000,"146475","95400",0.394418605000000
G214,inside,70.599050000000005,26.693130000000000,-616.113113999999996,1073.128881999999976,"33",44.500000000000000,1.348480000000000,1.250000000000000,"141750","99900",0.413407821000000
G215,inside,70.603660000000005,26.695000000000000,-168.694544600000000,897.235439000000042,"34",30.625000000000000,0.900740000000000,0.937500000000000,"96525","145125",0.600558659000000
G216,inside,70.592460000000003,26.695280000000000,-118.075972600000000,1403.792752000000064,"31",34.000000000000000,1.096770000000000,1.125000000000000,"159300","80775",0.336457357000000
G217,inside,70.596829999999997,26.697209999999998,-392.360577499999977,1055.111961999999949,"34",40.500000000000000,1.191180000000000,1.125000000000000,"90225","150525",0.625233645000000
G218,inside,70.601290000000006,26.699230000000000,-293.174387500000023,836.287864900000045,"22",22.125000000000000,1.005680000000000,0.812500000000000,"48825","112275",0.696927374000000
Gajai_PPC GAJ_12,inside,70.606790000000004,26.663139999999999,-479.821902399999999,2364.655540000000201,"34",30.750000000000000,0.904410000000000,0.750000000000000,"120825","120825",0.500000000000000
Gajai_PPC GAJ_13,inside,70.604410000000001,26.667130000000000,-320.952898500000003,2050.127625999999964,"34",45.250000000000000,1.330880000000000,1.250000000000000,"124875","116775",0.483240223000000
Gajai_PPC GAJ_20,inside,70.610969999999995,26.664990000000000,-313.919137499999977,2027.438941000000113,"34",34.500000000000000,1.014710000000000,0.875000000000000,"214650","27000",0.111731844000000
Gajai_PPC GAJ_21,inside,70.608680000000007,26.668720000000000,-198.968268800000004,1706.621865999999955,"26",32.125000000000000,1.235580000000000,1.125000000000000,"159075","48150",0.232356135000000
Gajai_PPC GAJ_1,inside,70.597949999999997,26.659170000000000,-142.000000000000000,3188.000000000000000,"34",30.750000000000000,0.904410000000000,0.750000000000000,"120825","120825",0.500000000000000
Gajai_PPC_GAJ_6,inside,70.602130000000002,26.661310000000000,-383.000000000000000,2770.429999999999836,"34",30.750000000000000,0.904410000000000,0.750000000000000,"120825","120825",0.500000000000000
Gajai_PPC GAJ_5,inside,70.603890000000007,26.657350000000001,-214.674573600000002,3053.481451999999990,"33",36.750000000000000,1.113640000000000,1.125000000000000,"28125","203850",0.878758487000000
Gajai_PPC GAJ_7,inside,70.600120000000004,26.665360000000000,-21.408903160000001,2469.840592999999899,"18",33.000000000000000,1.833330000000000,1.625000000000000,"53775","81000",0.601001669000000
K1010,inside,70.553830000000005,26.837019999999999,-593.684175299999993,1180.012909000000036,"33",64.875000000000000,1.965910000000000,1.875000000000000,"176850","65475",0.270194986000000
K1011,inside,70.558419999999998,26.838970000000000,-635.612108899999953,1449.034521999999924,"31",79.875000000000000,2.576610000000000,2.500000000000000,"164700","77625",0.320334262000000
K743,inside,70.550669999999997,26.801549999999999,-219.359157399999987,2395.487224999999853,"32",58.000000000000000,1.812500000000000,1.875000000000000,"47475","175275",0.786868687000000
K781,inside,70.544179999999997,26.803619999999999,-315.264221899999995,2460.836886000000050,"33",35.125000000000000,1.064390000000000,1.000000000000000,"26100","215775",0.892093023000000
K781_2,inside,70.544179999999997,26.803619999999999,-315.264221899999995,2460.836886000000050,"33",35.125000000000000,1.064390000000000,1.000000000000000,"26100","215775",0.892093023000000
K782,inside,70.548770000000005,26.805440000000001,-588.871728599999983,2744.390385000000151,"31",42.750000000000000,1.379030000000000,1.375000000000000,"54225","187650",0.775813953000000
K783,inside,70.553060000000002,26.807420000000000,-399.993353500000012,2972.489199000000099,"34",51.625000000000000,1.518380000000000,1.375000000000000,"91575","150525",0.621747212000000
K819,inside,70.537559999999999,26.805740000000000,-576.983264699999950,2575.501530999999886,"30",38.750000000000000,1.291670000000000,1.125000000000000,"31050","210825",0.871627907000000
K820,inside,70.541950000000000,26.807549999999999,-757.984613599999989,2460.555001000000175,"32",42.750000000000000,1.335940000000000,1.187500000000000,"20700","221400",0.914498141000000
K821,inside,70.546589999999995,26.809590000000000,-977.988667299999975,2423.598222999999962,"34",43.375000000000000,1.275740000000000,1.125000000000000,"82575","159525",0.658921933000000
K822,inside,70.550839999999994,26.811350000000001,-817.059295199999951,2492.995019999999840,"34",44.500000000000000,1.308820000000000,1.312500000000000,"166275","75600",0.312558140000000
K826,inside,70.568849999999998,26.818780000000000,-472.897725700000024,3470.509528000000046,"32",85.125000000000000,2.660160000000000,2.125000000000000,"182250","59850",0.247211896000000
K827,inside,70.573229999999995,26.820620000000002,-260.366824500000007,3809.346062000000074,"34",46.250000000000000,1.360290000000000,1.250000000000000,"183600","58275",0.240930233000000
K855,inside,70.526449999999997,26.806069999999998,-286.755233999999973,2278.192828000000191,"33",38.875000000000000,1.178030000000000,1.125000000000000,"19125","218700",0.919583728000000
K856,inside,70.531009999999995,26.807900000000000,-577.373183199999971,2189.766541999999845,"33",60.625000000000000,1.837120000000000,1.875000000000000,"38925","202950",0.839069767000000
K857,inside,70.535349999999994,26.809760000000001,-870.749526999999944,2118.157733000000007,"32",61.625000000000000,1.925780000000000,1.937500000000000,"80100","162225",0.669452182000000
K858,inside,70.539869999999993,26.811789999999998,-1234.861323000000084,1952.935539999999946,"32",59.250000000000000,1.851560000000000,1.875000000000000,"58725","183600",0.757660167000000
K859,inside,70.544399999999996,26.813440000000000,-1031.524537000000009,1944.789991000000100,"33",53.250000000000000,1.613640000000000,1.750000000000000,"55125","186975",0.772304833000000
K860,inside,70.548810000000003,26.815190000000001,-682.057968500000015,2037.656815000000051,"34",61.500000000000000,1.808820000000000,1.750000000000000,"148500","93600",0.386617100000000
K861,inside,70.553319999999999,26.817290000000000,-397.154068699999982,2215.725014000000101,"34",62.500000000000000,1.838240000000000,1.875000000000000,"189450","53100",0.218923933000000
K893,inside,70.524320000000003,26.809909999999999,-283.342677100000003,1834.868161000000100,"32",39.375000000000000,1.230470000000000,1.312500000000000,"14400","224550",0.939736347000000
K894,inside,70.528809999999993,26.812030000000000,-651.923424100000034,1685.521657000000005,"32",60.125000000000000,1.878910000000000,1.875000000000000,"14850","227250",0.938661710000000
K896,inside,70.537649999999999,26.815590000000000,-1146.796000000000049,1494.703367000000071,"33",65.000000000000000,1.969700000000000,2.000000000000000,"139950","102150",0.421933086000000
K897,inside,70.542370000000005,26.817419999999998,-744.869261700000038,1461.128341000000091,"32",65.000000000000000,2.031250000000000,1.937500000000000,"69300","172575",0.713488372000000
K898,inside,70.546830000000000,26.819520000000001,-324.984977200000003,1558.019387999999935,"34",60.500000000000000,1.779410000000000,1.750000000000000,"93600","148500",0.613382900000000
K902,inside,70.564629999999994,26.826889999999999,-13.492671930000000,2720.896709000000101,"27",89.375000000000000,3.310190000000000,3.250000000000000,"59400","130275",0.686832740000000
K931,inside,70.526820000000001,26.815539999999999,-358.530042400000013,1255.522107999999889,"34",74.625000000000000,2.194850000000000,2.187500000000000,"33300","208575",0.862325581000000
K932,inside,70.531340000000000,26.817810000000001,-725.574243400000000,1240.143563000000086,"34",95.375000000000000,2.805150000000000,2.750000000000000,"94050","148050",0.611524164000000
K933,inside,70.535679999999999,26.819690000000001,-747.780331400000023,1019.786763999999948,"33",86.625000000000000,2.625000000000000,2.500000000000000,"50850","191475",0.790157846000000
K934,inside,70.539940000000001,26.821600000000000,-453.551996499999973,939.228403999999955,"34",117.000000000000000,3.441180000000000,3.625000000000000,"167400","74250",0.307262570000000
K939,inside,70.562569999999994,26.831050000000001,-367.764840300000003,2271.508972999999969,"32",57.375000000000000,1.792970000000000,1.687500000000000,"79650","162900",0.671614100000000
K968,inside,70.529390000000006,26.821580000000001,-373.282336699999973,802.888408499999969,"34",86.875000000000000,2.555150000000000,2.750000000000000,"152325","90000",0.371402043000000
K969,inside,70.533559999999994,26.823630000000001,-269.028556100000003,596.320817000000034,"34",128.250000000000000,3.772060000000000,4.062500000000000,"163350","78975",0.325905292000000
K974,inside,70.556030000000007,26.833030000000001,-315.196865100000025,1631.072631000000001,"33",63.750000000000000,1.931820000000000,1.625000000000000,"196650","44775",0.185461323000000
K975,inside,70.560500000000005,26.835000000000001,-689.229581199999984,1858.828813000000082,"34",75.125000000000000,2.209560000000000,2.250000000000000,"163800","78075",0.322790698000000
K976,inside,70.564920000000001,26.836919999999999,-484.316683800000021,2106.485345000000052,"30",71.125000000000000,2.370830000000000,2.312500000000000,"84825","157275",0.649628253000000
Miajlar Mia 1,inside,70.393709999999999,26.269310000000001,-134.549428000000006,188.837483200000008,"18",31.500000000000000,1.750000000000000,1.562500000000000,"80100","45450",0.362007168000000
Miajlar Mia 10,inside,70.415030000000002,26.268750000000001,-409.603514800000028,1053.083442000000105,"33",59.000000000000000,1.787880000000000,1.625000000000000,"180900","59625",0.247895229000000
Miajlar Mia 12,inside,70.410839999999993,26.276759999999999,-999.130855699999984,1485.291247000000112,"34",69.500000000000000,2.044120000000000,1.875000000000000,"153000","87750",0.364485981000000
Miajlar Mia 13,inside,70.408749999999998,26.280770000000000,-641.262316700000042,1846.230919000000085,"32",79.000000000000000,2.468750000000000,2.312500000000000,"201375","39150",0.162768943000000
Miajlar Mia 14,inside,70.406760000000006,26.284739999999999,-226.500091099999992,2251.074930000000222,"30",152.750000000000000,5.091670000000000,5.250000000000000,"182925","41175",0.183734940000000
Miajlar Mia 15,inside,70.404600000000002,26.288860000000000,-154.085199299999999,2416.924395000000004,"27",107.500000000000000,3.981480000000000,4.000000000000000,"207450","2925",0.013903743000000
Miajlar Mia 16,inside,70.402670000000001,26.292690000000000,-231.172815700000001,2447.456556999999975,"31",95.125000000000000,3.068550000000000,2.500000000000000,"220275","450",0.002038736000000
Miajlar Mia 17,inside,70.419079999999994,26.270679999999999,-162.302441200000004,1509.569725999999946,"24",38.500000000000000,1.604170000000000,1.500000000000000,"150525","39150",0.206405694000000
Miajlar Mia 18,inside,70.417379999999994,26.274640000000002,-340.296203999999989,1656.595626000000038,"32",53.000000000000000,1.656250000000000,1.437500000000000,"129150","111375",0.463049579000000
Miajlar Mia 19,inside,70.415289999999999,26.278649999999999,-561.154024400000026,1882.117788000000019,"33",63.625000000000000,1.928030000000000,1.875000000000000,"124650","116100",0.482242991000000
Miajlar Mia 2,inside,70.397509999999997,26.271100000000001,-345.907917899999973,610.304266800000050,"33",67.375000000000000,2.041670000000000,1.625000000000000,"129375","110925",0.461610487000000
Miajlar Mia 20,inside,70.413200000000003,26.282650000000000,-615.805411000000049,2178.027321999999913,"32",100.125000000000000,3.128910000000000,2.750000000000000,"199125","41850",0.173669468000000
Miajlar Mia 21,inside,70.411060000000006,26.286359999999998,-201.538206900000006,2501.821061999999984,"31",133.000000000000000,4.290320000000001,4.125000000000000,"188775","18000",0.087051143000000
Miajlar Mia 22,inside,70.406909999999996,26.294670000000000,-347.137498100000016,2770.181492000000162,"32",159.000000000000000,4.968750000000000,5.375000000000000,"237375","3375",0.014018692000000
Miajlar Mia 23,inside,70.419330000000002,26.280580000000000,-162.994771600000007,2291.402970000000096,"22",43.500000000000000,1.977270000000000,1.750000000000000,"113850","75375",0.398335315000000
Miajlar Mia 24,inside,70.417640000000006,26.284540000000000,-355.401223700000003,2561.865682000000106,"34",80.500000000000000,2.367650000000000,2.062500000000000,"180675","60075",0.249532710000000
Miajlar Mia 3,inside,70.404060000000001,26.268989999999999,-281.267988100000025,507.574271800000020,"32",69.375000000000000,2.167970000000000,2.062500000000000,"129600","106875",0.451950523000000
Miajlar Mia 4,inside,70.401960000000003,26.272990000000000,-588.905234800000017,988.234900100000004,"32",60.000000000000000,1.875000000000000,1.750000000000000,"159750","80775",0.335827877000000
Miajlar Mia 5,inside,70.400130000000004,26.276869999999999,-183.671837199999999,1199.039309999999887,"28",67.125000000000000,2.397320000000000,2.312500000000000,"133875","68850",0.339622642000000
Miajlar Mia 6,inside,70.410669999999996,26.267160000000001,-190.156706000000014,597.213037900000018,"28",57.250000000000000,2.044640000000000,1.687500000000000,"128250","75375",0.370165746000000
Miajlar Mia 7,inside,70.408490000000000,26.270869999999999,-559.240891799999986,794.730100200000038,"34",64.125000000000000,1.886030000000000,1.750000000000000,"78975","161550",0.671655753000000
Miajlar Mia 8,inside,70.406400000000005,26.274870000000000,-821.098195899999951,1161.825579000000062,"33",61.875000000000000,1.875000000000000,1.625000000000000,"156600","84150",0.349532710000000
Miajlar Mia 9,inside,70.404309999999995,26.278880000000001,-395.072751600000004,1597.320801999999958,"32",78.250000000000000,2.445310000000000,2.125000000000000,"182250","58725",0.243697479000000
Miajlar_out Out 111,outside,70.433350000000004,26.286149999999999,1208.662931000000071,2598.997562000000016,"33",99.750000000000000,3.022730000000000,3.000000000000000,"236025","4500",0.018709074000000
Miajlar_out Out 112,outside,70.426810000000003,26.298259999999999,1255.134334999999965,2571.722283999999945,"34",75.500000000000000,2.220590000000000,2.000000000000000,"224775","15975",0.066355140000000
Miajlar_out Out 124,outside,70.443539999999999,26.276109999999999,2267.081952000000001,1253.572106000000076,"32",150.250000000000000,4.695310000000000,4.250000000000000,"229050","11700",0.048598131000000
Miajlar_out Out 132,outside,70.427049999999994,26.308119999999999,1949.650403000000097,1664.742479999999887,"33",116.000000000000000,3.515150000000000,3.625000000000000,"221850","18900",0.078504673000000
Miajlar_out Out 134,outside,70.422640000000001,26.315740000000002,2311.680562000000009,1620.141660000000002,"34",73.000000000000000,2.147060000000000,1.937500000000000,"238275","2700",0.011204482000000
Miajlar_out Out 137,outside,70.443790000000007,26.286010000000001,2251.240991000000122,1742.435300999999981,"34",170.000000000000000,5.000000000000000,4.750000000000000,"240300","675",0.002801120000000
Miajlar_out Out 139,outside,70.439859999999996,26.293970000000002,1968.609787999999980,2586.725480999999945,"29",89.625000000000000,3.090520000000000,3.000000000000000,"232425","8100",0.033676333000000
Miajlar_out Out 141,outside,70.435680000000005,26.301990000000000,2108.024159999999938,1886.639783999999963,"34",53.375000000000000,1.569850000000000,1.500000000000000,"238950","1800",0.007476636000000
Miajlar_out Out 29,outside,70.382339999999999,26.279340000000001,1421.965429000000086,805.664450999999985,"34",133.375000000000000,3.922790000000000,3.687500000000000,"231750","9000",0.037383178000000
Miajlar_out Out 31,outside,70.378150000000005,26.287350000000000,2032.391652000000022,1271.255198999999948,"32",154.250000000000000,4.820310000000000,4.687500000000000,"219150","21600",0.089719626000000
Miajlar_out Out 32,outside,70.376210000000000,26.291319999999999,2207.475089999999909,835.587020400000029,"34",95.500000000000000,2.808820000000000,2.500000000000000,"216675","24300",0.100840336000000
Miajlar_out Out 42,outside,70.407979999999995,26.251069999999999,1612.076238999999987,1336.167676000000029,"31",66.125000000000000,2.133060000000000,2.000000000000000,"237600","2925",0.012160898000000
Miajlar_out Out 44,outside,70.386650000000003,26.291200000000000,1167.287145999999893,1257.789132000000109,"31",113.125000000000000,3.649190000000000,3.625000000000000,"215100","26100",0.108208955000000
Miajlar_out Out 46,outside,70.382850000000005,26.299140000000001,1833.538412000000108,369.665912699999978,"33",108.750000000000000,3.295450000000000,3.125000000000000,"235125","5625",0.023364486000000
Miajlar_out Out 55,outside,70.418959999999998,26.250840000000000,1563.909118999999919,1888.736842999999908,"32",56.125000000000000,1.753910000000000,1.625000000000000,"231525","9000",0.037418148000000
Miajlar_out Out 57,outside,70.391739999999999,26.302920000000000,1339.502451000000065,1112.235130999999910,"33",63.250000000000000,1.916670000000000,1.750000000000000,"92250","148275",0.616463985000000
Miajlar_out Out 59,outside,70.387640000000005,26.310890000000001,2198.257634000000053,1083.302772000000004,"33",76.000000000000000,2.303030000000000,1.875000000000000,"224550","16425",0.068160598000000
Miajlar_out Out 66,outside,70.398529999999994,26.310700000000001,1403.238123999999971,1964.477636999999959,"34",46.750000000000000,1.375000000000000,1.375000000000000,"231525","9450",0.039215686000000
Miajlar_out Out 67,outside,70.396439999999998,26.314710000000002,1887.204318000000058,2016.002205000000004,"31",44.250000000000000,1.427420000000000,1.125000000000000,"235125","5625",0.023364486000000
Miajlar_out Out 68,outside,70.434380000000004,26.252490000000002,1949.407848000000058,2564.799362000000201,"33",160.625000000000000,4.867420000000000,4.875000000000000,"237375","3150",0.013096352000000
Miajlar_out Out 76,outside,70.432850000000002,26.266349999999999,1218.559471000000030,2428.703066999999919,"33",89.875000000000000,2.723480000000000,2.750000000000000,"238950","1575",0.006548176000000
Miajlar_out Out 78,outside,70.407430000000005,26.314480000000000,1551.447783999999956,2946.607054000000062,"29",46.000000000000000,1.586210000000000,1.500000000000000,"209475","31050",0.129092610000000
Miajlar_out Out 91,outside,70.433099999999996,26.276250000000001,1224.542369000000008,2291.989310999999816,"32",109.625000000000000,3.425780000000000,3.312500000000000,"216675","23850",0.099158092000000
Miajlar_out Out 92,outside,70.416079999999994,26.308389999999999,1269.909965000000057,2529.646146000000044,"34",91.750000000000000,2.698530000000000,2.562500000000000,"219600","21150",0.087850467000000
R143,inside,70.590890000000002,26.797200000000000,-276.897219099999973,4946.456371999999647,"39",39.750000000000000,1.019230000000000,1.000000000000000,"77625","207675",0.727917981000000
R145,inside,70.597570000000005,26.793920000000000,-409.599634799999990,4361.582135999999991,"38",55.625000000000000,1.463820000000000,1.500000000000000,"110925","174825",0.611811024000000
R149,inside,70.595410000000001,26.783290000000001,-258.320536199999992,4334.381153999999697,"38",42.375000000000000,1.115130000000000,1.000000000000000,"62775","220050",0.778042959000000
R151,inside,70.576260000000005,26.773250000000001,-268.551153499999998,3079.172117999999955,"38",60.625000000000000,1.595390000000000,1.500000000000000,"162000","119475",0.424460432000000
R153,inside,70.586590000000001,26.775960000000001,-266.772380899999973,4097.161938000000191,"36",62.875000000000000,1.746530000000000,1.625000000000000,"38925","239400",0.860145513000000
R154,inside,70.591809999999995,26.777410000000000,-527.942384299999958,4620.477904999999737,"40",50.000000000000000,1.250000000000000,1.125000000000000,"54225","232200",0.810683425000000
R155,inside,70.596919999999997,26.778659999999999,-430.329170900000008,4182.008988999999929,"40",48.250000000000000,1.206250000000000,1.187500000000000,"54900","231300",0.808176101000000
R158,inside,70.577770000000001,26.768619999999999,-405.666583300000013,3306.582025000000158,"38",46.000000000000000,1.210530000000000,1.125000000000000,"248625","37350",0.130605822000000
R159,inside,70.583079999999995,26.769919999999999,-590.976183399999968,3797.032941999999821,"40",51.125000000000000,1.278130000000000,1.250000000000000,"141525","144675",0.505503145000000
R160,inside,70.588179999999994,26.771370000000001,-622.245179499999949,4278.625681000000441,"40",71.375000000000000,1.784380000000000,1.625000000000000,"27225","258975",0.904874214000000
R161,inside,70.593260000000001,26.772670000000002,-998.254078299999946,4626.741802999999891,"38",35.625000000000000,0.937500000000000,0.875000000000000,"40950","245025",0.856805665000000
R162,inside,70.598420000000004,26.773969999999998,-835.064135400000055,4095.744412000000011,"37",50.250000000000000,1.358110000000000,1.250000000000000,"32625","253575",0.886006289000000
R163,inside,70.603570000000005,26.775279999999999,-700.995248800000013,3566.024264000000130,"39",49.625000000000000,1.272440000000000,1.125000000000000,"3150","283050",0.988993711000000
R165,inside,70.579269999999994,26.763980000000000,-506.107493200000022,3599.717447999999877,"39",45.750000000000000,1.173080000000000,1.125000000000000,"278775","7425",0.025943396000000
R166,inside,70.584379999999996,26.765370000000001,-1016.834248000000002,4033.731478000000152,"38",59.125000000000000,1.555920000000000,1.500000000000000,"127125","158625",0.555118110000000
R167,inside,70.589669999999998,26.766520000000000,-1136.433927999999923,4512.200221000000056,"37",68.125000000000000,1.841220000000000,1.875000000000000,"49050","237375",0.828750982000000
R168,inside,70.594750000000005,26.768010000000000,-1364.416244999999890,4607.713623999999982,"40",39.125000000000000,0.978130000000000,0.875000000000000,"139725","146250",0.511408340000000
R169,inside,70.599879999999999,26.769420000000000,-1084.371188999999958,4074.164158000000043,"40",52.750000000000000,1.318750000000000,1.125000000000000,"67950","218250",0.762578616000000
R170,inside,70.605090000000004,26.770740000000000,-605.656780499999968,3535.980407999999898,"39",41.125000000000000,1.054490000000000,1.000000000000000,"24075","262125",0.915880503000000
R172,inside,70.580780000000004,26.759340000000002,-429.308505200000013,3811.068479000000025,"39",45.500000000000000,1.166670000000000,1.250000000000000,"224550","61650",0.215408805000000
R173,inside,70.585920000000002,26.760700000000000,-952.790596800000003,4313.766306000000441,"39",66.250000000000000,1.698720000000000,1.750000000000000,"136800","149400",0.522012579000000
R173_1,inside,70.585920000000002,26.760700000000000,-952.790596800000003,4313.766306000000441,"39",66.250000000000000,1.698720000000000,1.750000000000000,"136800","149400",0.522012579000000
R174,inside,70.591200000000001,26.761980000000001,-1369.549492999999984,4792.444730000000163,"40",46.375000000000000,1.159380000000000,1.125000000000000,"93600","192600",0.672955975000000
R175,inside,70.596220000000002,26.763480000000001,-1383.254472000000078,4633.231023000000278,"38",53.375000000000000,1.404610000000000,1.125000000000000,"13050","272700",0.954330709000000
R177,inside,70.606639999999999,26.766089999999998,-370.120141600000011,3562.158299000000170,"40",50.125000000000000,1.253130000000000,1.250000000000000,"68400","217575",0.760818253000000
R178,inside,70.582430000000002,26.754590000000000,-239.569738400000006,3662.262419000000136,"34",44.000000000000000,1.294120000000000,1.375000000000000,"235125","23175",0.089721254000000
R179,inside,70.587429999999998,26.755929999999999,-602.146571999999992,4170.968826000000263,"38",53.000000000000000,1.394740000000000,1.250000000000000,"249300","36450",0.127559055000000
R180,inside,70.592709999999997,26.757549999999998,-908.315532100000041,4720.621508999999605,"38",46.250000000000000,1.217110000000000,1.125000000000000,"126450","159750",0.558176101000000
R181,inside,70.597830000000002,26.758730000000000,-841.632334700000001,4696.415710999999646,"39",43.125000000000000,1.105770000000000,1.125000000000000,"21150","264825",0.926042486000000
R182,inside,70.602959999999996,26.760120000000001,-662.042362400000002,4172.226034999999683,"40",42.500000000000000,1.062500000000000,1.000000000000000,"169200","117000",0.408805031000000
R183,inside,70.608050000000006,26.761430000000001,-299.222139400000003,3658.394257999999809,"38",48.625000000000000,1.279610000000000,1.187500000000000,"170325","114525",0.402053712000000
R184,inside,70.589039999999997,26.751259999999998,-244.845386399999995,4110.567230999999992,"36",38.375000000000000,1.065970000000000,0.875000000000000,"241875","12600",0.049513705000000
R185,inside,70.594160000000002,26.752749999999999,-413.323330499999997,4559.951422000000093,"39",50.125000000000000,1.285260000000000,1.125000000000000,"238950","47475",0.165750196000000
R186,inside,70.599320000000006,26.754149999999999,-344.006444499999986,4751.902097000000140,"38",38.125000000000000,1.003290000000000,0.875000000000000,"183150","103050",0.360062893000000
R187,inside,70.604460000000003,26.755510000000001,-412.679595300000017,4310.413520000000062,"38",43.375000000000000,1.141450000000000,1.000000000000000,"186300","99900",0.349056604000000
R188,inside,70.606089999999995,26.750979999999998,-388.793696800000021,4123.687640000000101,"39",62.750000000000000,1.608970000000000,1.625000000000000,"62775","223200",0.780487805000000
Ramdeora Ram 36,inside,71.979420000000005,26.992180000000001,-310.831167100000016,2076.472252999999910,"31",41.125000000000000,1.326610000000000,1.250000000000000,"56475","185400",0.766511628000000
Ramdeora Ram 37,inside,71.977530000000002,26.996189999999999,-246.300778799999989,1664.323538999999982,"33",37.750000000000000,1.143940000000000,0.875000000000000,"32175","199125",0.860894942000000
Ramdeora Ram 38,inside,71.975740000000002,27.000579999999999,-163.931728800000002,1296.930904999999939,"26",43.875000000000000,1.687500000000000,1.750000000000000,"18675","175050",0.903600465000000
Ramdeora Ram 39,inside,71.973339999999993,27.004339999999999,-318.060371599999996,994.504678099999978,"32",48.875000000000000,1.527340000000000,1.437500000000000,"7875","235575",0.967652495000000
Ramdeora RAM 40,inside,71.985919999999993,26.990690000000001,-151.700971199999998,2694.998607999999876,"20",27.125000000000000,1.356250000000000,1.125000000000000,"26325","128025",0.829446064000000
Ramdeora RAM 41,inside,71.983949999999993,26.993980000000001,-508.715841500000010,2339.106652999999824,"34",53.375000000000000,1.569850000000000,1.375000000000000,"81675","161775",0.664510166000000
Ramdeora Ram 42,inside,71.981930000000006,26.998040000000000,-675.221636500000045,1970.304838999999902,"34",47.000000000000000,1.382350000000000,1.187500000000000,"43650","198675",0.819870009000000
Ramdeora Ram 43,inside,71.979900000000001,27.002099999999999,-588.573823999999945,1662.539723000000095,"33",38.000000000000000,1.151520000000000,1.000000000000000,"16200","227250",0.933456562000000
Ramdeora Ram 44,inside,71.977869999999996,27.006160000000001,-595.467938200000049,1460.350339999999960,"33",43.750000000000000,1.325760000000000,1.250000000000000,"5400","237375",0.977757183000000
Ramdeora Ram 45,inside,71.976219999999998,27.009779999999999,-182.338889800000004,1356.409038000000010,"25",40.875000000000000,1.635000000000000,1.500000000000000,"9000","173250",0.950617284000000
Ramdeora RAM 46,inside,71.990520000000004,26.991779999999999,-276.397045699999978,2245.877603999999792,"34",50.000000000000000,1.470590000000000,1.437500000000000,"25650","213300",0.892655367000000
Ramdeora RAM 47,inside,71.988479999999996,26.995790000000000,-718.163618000000042,2343.446672000000035,"31",44.500000000000000,1.435480000000000,1.250000000000000,"48825","193950",0.798887859000000
Ramdeora Ram 48,inside,71.986459999999994,26.999849999999999,-1132.926590000000033,2347.887970000000223,"34",47.500000000000000,1.397060000000000,1.125000000000000,"51750","191475",0.787234043000000
Ramdeora Ram 49,inside,71.984430000000003,27.003910000000001,-1078.416101000000026,2096.120528999999806,"33",39.625000000000000,1.200760000000000,1.125000000000000,"40275","202500",0.834105653000000
Ramdeora RAM 51,inside,71.980459999999994,27.011990000000001,-249.621818999999988,1342.138101000000006,"31",30.000000000000000,0.967740000000000,0.875000000000000,"2025","233775",0.991412214000000
Ramdeora Ram 52,inside,71.995040000000003,26.993549999999999,-387.576930100000027,1758.113264999999956,"34",40.000000000000000,1.176470000000000,1.000000000000000,"34875","208125",0.856481481000000
Ramdeora Ram 53,inside,71.993009999999998,26.997610000000002,-609.096880400000032,1876.610770000000002,"34",52.000000000000000,1.529410000000000,1.375000000000000,"20700","222300",0.914814815000000
Ramdeora Ram 54,inside,71.990989999999996,27.001670000000001,-807.247000599999978,2103.374200000000201,"29",34.625000000000000,1.193970000000000,1.000000000000000,"36675","206100",0.848934198000000
Ramdeora Ram 55,inside,71.988960000000006,27.005730000000000,-1012.702718000000004,2329.338720000000194,"34",52.750000000000000,1.551470000000000,1.500000000000000,"53775","189225",0.778703704000000
Ramdeora Ram 56,inside,71.986940000000004,27.009789999999999,-679.814061400000014,1961.428546999999980,"33",44.125000000000000,1.337120000000000,1.125000000000000,"27225","215775",0.887962963000000
Ramdeora Ram 57,inside,71.984880000000004,27.013700000000000,-235.900781999999992,1531.313926999999921,"31",43.250000000000000,1.395160000000000,1.250000000000000,"36000","192825",0.842674533000000
Ramdeora Ram 58,inside,71.997140000000002,26.999459999999999,-194.468255900000003,1467.446488999999929,"28",39.750000000000000,1.419640000000000,1.312500000000000,"1800","203625",0.991237678000000
Ramdeora Ram 60,inside,71.993489999999994,27.007539999999999,-566.237556899999959,1844.830034999999953,"33",49.000000000000000,1.484850000000000,1.375000000000000,"38475","204750",0.841813136000000
Ramdeora Ram 61,inside,71.991470000000007,27.011600000000001,-494.052404400000000,1779.483386999999993,"34",39.375000000000000,1.158090000000000,1.187500000000000,"44325","198675",0.817592593000000
Ramdeora RAM 62,inside,71.997460000000004,27.009370000000001,-177.346555499999994,1407.846399999999903,"27",47.875000000000000,1.773150000000000,1.625000000000000,"26325","160875",0.859375000000000
Ramdeora Ram 63,inside,71.995999999999995,27.013410000000000,-314.900070400000004,1318.802425999999969,"33",43.125000000000000,1.306820000000000,1.250000000000000,"29925","213300",0.876965772000000
Rasla_enclosure RAS 1,inside,71.421530000000004,26.751740000000002,-207.519237900000007,1200.779289000000063,"26",42.500000000000000,1.634620000000000,1.500000000000000,"13500","184275",0.931740614000000
Rasla_enclosure RAS 10,inside,71.428060000000002,26.759340000000002,-619.500757799999974,1129.947474999999940,"32",41.625000000000000,1.300780000000000,1.125000000000000,"20925","221400",0.913649025000000
Rasla_enclosure RAS 11,inside,71.426010000000005,26.763380000000002,-781.114898199999971,1620.651442000000088,"34",43.500000000000000,1.279410000000000,1.250000000000000,"2700","239625",0.988857939000000
Rasla_enclosure RAS 12,inside,71.423959999999994,26.767420000000001,-658.674280100000033,2111.973114999999780,"32",43.375000000000000,1.355470000000000,1.125000000000000,"450","241425",0.998139535000000
Rasla_enclosure RAS 13,inside,71.421909999999997,26.771460000000001,-443.960147000000006,2242.242442000000210,"33",48.500000000000000,1.469700000000000,1.250000000000000,"2475","239625",0.989776952000000
Rasla_enclosure RAS 14,inside,71.432140000000004,26.761170000000000,-196.258018200000009,1195.431618999999955,"28",43.125000000000000,1.540180000000000,1.500000000000000,"47475","154125",0.764508929000000
Rasla_enclosure RAS 15,inside,71.430509999999998,26.765219999999999,-321.473864800000001,1664.485394000000042,"30",40.625000000000000,1.354170000000000,1.250000000000000,"11475","230175",0.952513966000000
Rasla_enclosure RAS 16,inside,71.428460000000001,26.769259999999999,-483.874002700000005,1741.851947000000109,"33",42.625000000000000,1.291670000000000,1.125000000000000,"450","242550",0.998148148000000
Rasla_enclosure RAS 17,inside,71.426370000000006,26.773160000000001,-242.213885199999993,1763.653305000000046,"31",50.875000000000000,1.641130000000000,1.750000000000000,"1125","226800",0.995064166000000
Rasla_enclosure RAS 2,inside,71.425610000000006,26.753450000000001,-475.352566099999990,864.233758800000032,"31",39.125000000000000,1.262100000000000,1.125000000000000,"25425","216000",0.894687791000000
Rasla_enclosure RAS 3,inside,71.423559999999995,26.757500000000000,-516.482105199999978,1271.588801999999987,"34",40.000000000000000,1.176470000000000,1.062500000000000,"2250","240075",0.990714949000000
Rasla_enclosure RAS 4,inside,71.421509999999998,26.761540000000000,-395.690389999999979,1722.401648999999907,"33",37.000000000000000,1.121210000000000,1.125000000000000,"3150","239625",0.987025023000000
Rasla_enclosure RAS 5,inside,71.419669999999996,26.765540000000001,-226.800494299999997,2174.198428000000149,"29",45.875000000000000,1.581900000000000,1.500000000000000,"1575","221400",0.992936428000000
Rasla_enclosure RAS 6,inside,71.438519999999997,26.739090000000001,-196.243749699999995,1279.140769999999975,"31",43.500000000000000,1.403230000000000,1.250000000000000,"675","222300",0.996972755000000
Rasla_enclosure RAS 7,inside,71.436809999999994,26.743369999999999,-187.245219300000002,775.173151699999949,"26",34.750000000000000,1.336540000000000,1.250000000000000,"1575","182700",0.991452991000000
Rasla_enclosure RAS 8,inside,71.432180000000002,26.751300000000001,-278.591908999999987,173.598288300000007,"34",37.875000000000000,1.113970000000000,1.125000000000000,"20925","216900",0.912015137000000
Rasla_enclosure RAS 9,inside,71.430109999999999,26.755299999999998,-496.118738399999984,641.289022100000011,"33",31.125000000000000,0.943180000000000,0.875000000000000,"23625","218250",0.902325581000000
Rasla_out OUT 656,outside,71.405159999999995,26.740210000000001,1786.884164999999939,496.106442399999992,"34",62.625000000000000,1.841910000000000,1.875000000000000,"240075","1800",0.007441860000000
Rasla_out OUT 658,outside,71.401060000000001,26.748290000000001,1864.756791000000021,405.238575500000024,"34",52.000000000000000,1.529410000000000,1.500000000000000,"242775","0",0.000000000000000
Rasla_out OUT 662,outside,71.419910000000002,26.721850000000000,2142.199634000000060,1410.028663999999935,"32",55.375000000000000,1.730470000000000,1.500000000000000,"141075","100575",0.416201117000000
Rasla_out OUT 665,outside,71.413759999999996,26.733969999999999,1822.612986000000092,734.863863799999990,"33",48.750000000000000,1.477270000000000,1.500000000000000,"212175","29925",0.123605948000000
Rasla_out OUT 671,outside,71.401460000000000,26.758209999999998,1631.975453000000016,735.107137999999964,"33",58.750000000000000,1.780300000000000,1.500000000000000,"242100","0",0.000000000000000
Rasla_out OUT 673,outside,71.397350000000003,26.766290000000001,1991.046254000000090,1565.749027999999953,"34",43.625000000000000,1.283090000000000,1.125000000000000,"169425","72450",0.299534884000000
Rasla_out OUT 693,outside,71.402249999999995,26.778060000000000,1504.949861000000055,1773.644782999999961,"31",54.750000000000000,1.766130000000000,1.625000000000000,"157050","84600",0.350093110000000
Rasla_out OUT 712,outside,71.453050000000005,26.720770000000002,1802.846596999999974,259.222310199999981,"34",45.125000000000000,1.327210000000000,1.250000000000000,"111600","130950",0.539888683000000
Rasla_out OUT 715,outside,71.416160000000005,26.793500000000002,1986.593695999999909,698.266495599999985,"33",40.000000000000000,1.212120000000000,1.000000000000000,"231975","9900",0.040930233000000
Rasla_out OUT 721,outside,71.462050000000005,26.724450000000001,2071.336424999999963,84.895341579999993,"33",48.875000000000000,1.481060000000000,1.375000000000000,"128025","113625",0.470204842000000
Rasla_out OUT 730,outside,71.456310000000002,26.746490000000001,1475.092006000000083,85.145921779999995,"33",47.375000000000000,1.435610000000000,1.250000000000000,"180675","61875",0.255102041000000
Rasla_out OUT 732,outside,71.452209999999994,26.754570000000001,1510.308845000000019,46.850279540000002,"33",38.000000000000000,1.151520000000000,1.000000000000000,"186300","55575",0.229767442000000
Rasla_out OUT 741,outside,71.464910000000003,26.740250000000000,2031.631153999999924,319.717924200000027,"34",44.625000000000000,1.312500000000000,1.250000000000000,"191025","51750",0.213160334000000
Rasla_out OUT 744,outside,71.458759999999998,26.752369999999999,1962.073362000000088,124.450582299999994,"32",43.375000000000000,1.355470000000000,1.375000000000000,"232875","9225",0.038104089000000
Rasla_out OUT 747,outside,71.452619999999996,26.764489999999999,1866.869779999999992,327.776925800000015,"34",37.875000000000000,1.113970000000000,1.000000000000000,"215100","27225",0.112349118000000
Rasla_out OUT 749,outside,71.448520000000002,26.772580000000001,1523.204390000000103,265.559430899999995,"32",43.750000000000000,1.367190000000000,1.312500000000000,"209025","32850",0.135813953000000
Rasla_out OUT 753,outside,71.440320000000000,26.788740000000001,1830.287377000000106,445.756177700000023,"33",37.625000000000000,1.140150000000000,1.125000000000000,"215775","26550",0.109563603000000
Rasla_out OUT 755,outside,71.455070000000006,26.770370000000000,2152.990283000000090,428.225231500000007,"32",40.750000000000000,1.273440000000000,1.250000000000000,"209700","33075",0.136237257000000
Rasla_out OUT 758,outside,71.448920000000001,26.782499999999999,2016.334004999999934,457.251321099999984,"34",36.875000000000000,1.084560000000000,1.000000000000000,"225450","17325",0.071362373000000
S100,inside,70.615070000000003,26.730419999999999,-1363.528240000000096,1691.472308000000112,"31",38.375000000000000,1.237900000000000,1.125000000000000,"5625","236700",0.976787372000000
S101,inside,70.619550000000004,26.732299999999999,-1001.839586000000054,1677.662728999999899,"34",31.875000000000000,0.937500000000000,0.875000000000000,"5850","235800",0.975791434000000
S102,inside,70.624030000000005,26.734179999999999,-640.169258199999945,1752.690550999999914,"33",40.125000000000000,1.215910000000000,1.000000000000000,"6975","234900",0.971162791000000
S103,inside,70.628510000000006,26.736059999999998,-278.517350399999998,1950.459088999999949,"33",31.750000000000000,0.962120000000000,0.875000000000000,"4725","236025",0.980373832000000
S107,inside,70.595190000000002,26.726890000000001,-415.599186299999985,1892.512422000000015,"31",32.625000000000000,1.052420000000000,0.875000000000000,"6075","235800",0.974883721000000
S108,inside,70.599590000000006,26.728909999999999,-904.123610399999961,2291.827639000000090,"34",38.250000000000000,1.125000000000000,1.125000000000000,"2925","239400",0.987929434000000
S109,inside,70.604020000000006,26.730670000000000,-1011.473821000000044,2464.908526000000165,"34",40.375000000000000,1.187500000000000,1.125000000000000,"3150","238725",0.986976744000000
S110,inside,70.608500000000006,26.732559999999999,-1244.181968999999981,2274.949778000000151,"34",38.125000000000000,1.121320000000000,1.000000000000000,"2250","239625",0.990697674000000
S111,inside,70.612979999999993,26.734439999999999,-1325.618557000000010,2180.793407000000116,"33",39.250000000000000,1.189390000000000,1.250000000000000,"1575","240300",0.993488372000000
S112,inside,70.617459999999994,26.736319999999999,-1262.171552999999903,2169.164334000000053,"30",33.875000000000000,1.129170000000000,1.000000000000000,"5850","236025",0.975813953000000
S113,inside,70.626410000000007,26.740079999999999,-612.498329300000023,2387.378948000000037,"34",36.375000000000000,1.069850000000000,1.000000000000000,"7425","234675",0.969330855000000
S114,inside,70.630849999999995,26.741980000000002,-260.685760399999992,1955.031005999999934,"33",41.500000000000000,1.257580000000000,1.250000000000000,"7200","231075",0.969782814000000
S115,inside,70.635220000000004,26.744090000000000,-101.188602099999997,1511.381945000000087,"22",21.375000000000000,0.971590000000000,1.000000000000000,"1800","157050",0.988668555000000
S120,inside,70.593019999999996,26.730760000000000,-361.663140899999973,2181.279477999999926,"33",55.750000000000000,1.689390000000000,1.625000000000000,"38025","203850",0.842790698000000
S121,inside,70.597350000000006,26.732839999999999,-510.319087000000025,2571.742342999999892,"32",46.500000000000000,1.453130000000000,1.312500000000000,"4950","237150",0.979553903000000
S122,inside,70.601889999999997,26.734510000000000,-566.545180500000015,2897.147805000000062,"34",43.500000000000000,1.279410000000000,1.250000000000000,"3375","238275",0.986033520000000
S123_1,inside,70.606390000000005,26.736570000000000,-913.547936000000050,2748.691467000000102,"33",42.625000000000000,1.291670000000000,1.250000000000000,"4050","237825",0.983255814000000
S124,inside,70.610870000000006,26.738399999999999,-843.911683899999957,2666.064937000000100,"31",39.375000000000000,1.270160000000000,1.250000000000000,"4500","237150",0.981378026000000
S125,inside,70.615369999999999,26.740320000000001,-776.846761000000015,2658.655424999999923,"32",36.250000000000000,1.132810000000000,1.000000000000000,"7200","234900",0.970260223000000
S126,inside,70.619879999999995,26.742339999999999,-719.642742600000020,2720.840706999999838,"33",43.750000000000000,1.325760000000000,1.125000000000000,"12600","229050",0.947858473000000
S127,inside,70.624229999999997,26.744160000000001,-764.973901899999987,2604.467865000000074,"34",37.500000000000000,1.102940000000000,1.062500000000000,"15300","226575",0.936744186000000
S128,inside,70.628749999999997,26.745989999999999,-710.815681100000006,2169.038524000000052,"34",37.250000000000000,1.095590000000000,1.125000000000000,"7650","234225",0.968372093000000
S130,inside,70.637810000000002,26.749849999999999,-358.218636399999980,1425.143321999999898,"29",30.375000000000000,1.047410000000000,1.000000000000000,"2925","238950",0.987906977000000
S131,inside,70.642399999999995,26.751680000000000,-253.227017499999988,1062.533368000000110,"34",37.125000000000000,1.091910000000000,1.000000000000000,"9450","228150",0.960227273000000
S132,inside,70.595399999999998,26.736780000000000,-48.547638059999997,2888.780741000000035,"17",25.500000000000000,1.500000000000000,1.250000000000000,"5400","136575",0.961965135000000
S133,inside,70.599819999999994,26.738730000000000,-251.460843000000011,3264.084739999999783,"31",45.125000000000000,1.455650000000000,1.375000000000000,"9225","226125",0.960803059000000
S134,inside,70.604330000000004,26.740659999999998,-429.991531800000018,3231.772771999999804,"32",36.250000000000000,1.132810000000000,1.062500000000000,"5175","237150",0.978644383000000
S135,inside,70.608660000000000,26.742529999999999,-341.242999699999984,3172.964413000000150,"34",42.500000000000000,1.250000000000000,1.375000000000000,"27225","214650",0.887441860000000
S136,inside,70.613389999999995,26.744360000000000,-290.615916200000015,3147.605664000000161,"33",66.375000000000000,2.011360000000000,1.875000000000000,"60300","181575",0.750697674000000
S137,inside,70.617729999999995,26.746250000000000,-237.874727600000000,3194.722447000000102,"32",41.250000000000000,1.289060000000000,1.250000000000000,"17325","221625",0.927495292000000
S138_1,inside,70.622230000000002,26.748120000000000,-285.897705299999984,2845.017375999999786,"33",35.750000000000000,1.083330000000000,1.000000000000000,"19575","222525",0.919144981000000
S140,inside,70.631119999999996,26.751860000000001,-375.847098599999981,2120.305221000000074,"32",37.125000000000000,1.160160000000000,1.062500000000000,"10350","231750",0.957249071000000
S141,inside,70.635630000000006,26.753789999999999,-418.532197199999985,1774.139611999999943,"34",35.125000000000000,1.033090000000000,0.875000000000000,"5400","236700",0.977695167000000
S142,inside,70.640140000000002,26.755569999999999,-64.168748919999999,1435.965944000000036,"20",26.125000000000000,1.306250000000000,1.125000000000000,"7875","144450",0.948301329000000
S59,inside,70.610069999999993,26.708929999999999,-216.384915599999999,1052.447478999999930,"30",23.750000000000000,0.791670000000000,0.687500000000000,"23175","193950",0.893264249000000
S64,inside,70.607929999999996,26.712710000000001,-444.544356300000004,1000.875901999999996,"31",36.500000000000000,1.177420000000000,1.000000000000000,"17100","224775",0.929302326000000
S65,inside,70.612399999999994,26.714590000000001,-640.006014400000026,1164.563758000000007,"34",43.750000000000000,1.286760000000000,1.250000000000000,"9900","232200",0.959107807000000
S66,inside,70.616820000000004,26.716490000000000,-283.482133599999997,693.546152200000051,"33",37.250000000000000,1.128790000000000,1.000000000000000,"5625","231525",0.976280835000000
S74,inside,70.601479999999995,26.714890000000000,-92.126505399999999,790.894942199999946,"30",27.875000000000000,0.929170000000000,0.875000000000000,"18000","198675",0.916926272000000
S75,inside,70.605829999999997,26.716729999999998,-557.870284900000001,1176.492966999999908,"34",38.375000000000000,1.128680000000000,1.000000000000000,"10575","231525",0.956319703000000
S76,inside,70.610309999999998,26.718610000000002,-971.765532000000007,1346.688916000000063,"31",42.125000000000000,1.358870000000000,1.250000000000000,"7425","234225",0.969273743000000
S77,inside,70.614789999999999,26.720490000000002,-608.575195099999974,964.291425200000049,"31",32.375000000000000,1.044350000000000,1.000000000000000,"6525","235350",0.973023256000000
S78,inside,70.619259999999997,26.722380000000001,-389.777917399999978,721.183905099999947,"34",41.375000000000000,1.216910000000000,1.125000000000000,"9225","232650",0.961860465000000
S79,inside,70.623739999999998,26.724260000000001,-334.829635900000028,694.312898300000029,"34",43.250000000000000,1.272060000000000,1.125000000000000,"7425","234000",0.969245107000000
S86,inside,70.599390000000000,26.718979999999998,-210.914422800000011,1192.212852000000112,"30",38.125000000000000,1.270830000000000,1.250000000000000,"35325","187875",0.841733871000000
S87,inside,70.603740000000002,26.720749999999999,-671.823482099999978,1477.660675000000083,"33",39.000000000000000,1.181820000000000,1.125000000000000,"2700","238950",0.988826816000000
S88,inside,70.608289999999997,26.722600000000000,-1153.828402999999980,1651.540543000000071,"32",32.250000000000000,1.007810000000000,1.125000000000000,"10800","230850",0.955307263000000
S89,inside,70.612690000000001,26.724519999999998,-998.416979599999991,1366.455686000000014,"31",37.625000000000000,1.213710000000000,1.125000000000000,"11925","230175",0.950743494000000
S90,inside,70.617170000000002,26.726400000000002,-880.975050499999952,1203.384557999999970,"34",44.625000000000000,1.312500000000000,1.312500000000000,"4050","237600",0.983240223000000
S91,inside,70.621650000000002,26.728280000000002,-667.866779500000007,1185.761216999999988,"34",44.375000000000000,1.305150000000000,1.125000000000000,"5850","236025",0.975813953000000
S92,inside,70.626120000000000,26.730160000000001,-307.134242599999993,1289.358275999999933,"33",40.000000000000000,1.212120000000000,1.125000000000000,"7650","233550",0.968283582000000
S97,inside,70.597059999999999,26.722760000000001,-289.662173699999983,1614.878406000000041,"33",37.250000000000000,1.128790000000000,1.125000000000000,"20475","221625",0.915427509000000
S98,inside,70.606120000000004,26.726649999999999,-1263.611145000000079,2044.228818000000047,"33",41.250000000000000,1.250000000000000,1.125000000000000,"5850","236025",0.975813953000000
S99,inside,70.610600000000005,26.728539999999999,-1450.521330000000034,1810.580437999999958,"34",42.500000000000000,1.250000000000000,1.125000000000000,"6750","235125",0.972093023000000
Sudasri_out OUT 316,outside,70.567930000000004,26.705690000000001,2115.439581000000089,1630.401953999999932,"32",51.125000000000000,1.597660000000000,1.562500000000000,"162900","78975",0.326511628000000
Sudasri_out OUT 317,outside,70.566280000000006,26.709679999999999,2265.504943999999796,1163.967785000000049,"34",41.500000000000000,1.220590000000000,1.125000000000000,"234000","7650",0.031657356000000
Sudasri_out OUT 327,outside,70.572400000000002,26.707570000000000,1667.429961999999932,1347.868208999999979,"33",37.625000000000000,1.140150000000000,1.125000000000000,"182025","59850",0.247441860000000
Sudasri_out OUT 328,outside,70.570310000000006,26.711590000000001,1870.068099000000075,1115.268233999999893,"30",25.875000000000000,0.862500000000000,0.875000000000000,"179325","62775",0.259293680000000
Sudasri_out OUT 329,outside,70.568209999999993,26.715610000000002,2066.073789000000033,631.945393100000047,"32",33.750000000000000,1.054690000000000,1.000000000000000,"203175","38700",0.160000000000000
Sudasri_out OUT 330,outside,70.566580000000002,26.719590000000000,2304.076527000000169,235.263864600000005,"34",33.250000000000000,0.977940000000000,1.000000000000000,"235800","6075",0.025116279000000
Sudasri_out OUT 347,outside,70.572689999999994,26.717490000000002,1657.383143000000018,883.220778600000017,"32",29.250000000000000,0.914060000000000,0.875000000000000,"146925","95400",0.393686165000000
Sudasri_out OUT 348,outside,70.570589999999996,26.721509999999999,1989.007098000000042,589.819934800000055,"32",28.000000000000000,0.875000000000000,0.812500000000000,"238275","3600",0.014883721000000
Sudasri_out OUT 349,outside,70.568489999999997,26.725529999999999,2084.355223000000024,632.233768199999986,"34",41.375000000000000,1.216910000000000,1.125000000000000,"240750","900",0.003724395000000
Sudasri_out OUT 350,outside,70.566460000000006,26.729530000000000,2274.509152999999969,940.850300899999979,"32",37.250000000000000,1.164060000000000,1.125000000000000,"238500","3375",0.013953488000000
Sudasri_out OUT 371,outside,70.570869999999999,26.731439999999999,1843.116792999999916,1314.268223999999918,"32",40.125000000000000,1.253910000000000,1.000000000000000,"236475","5400",0.022325581000000
Sudasri_out OUT 462,outside,70.629739999999998,26.702269999999999,1418.879498000000012,743.224045000000046,"34",85.375000000000000,2.511030000000000,2.500000000000000,"232200","9675",0.040000000000000
Sudasri_out OUT 472,outside,70.634209999999996,26.704149999999998,1379.947724000000107,1128.582677999999987,"34",58.250000000000000,1.713240000000000,1.500000000000000,"228600","12825",0.053122088000000
Sudasri_out OUT 479,outside,70.640780000000007,26.702010000000001,1585.148531999999932,1814.591423000000077,"33",72.625000000000000,2.200760000000000,1.750000000000000,"187650","54000",0.223463687000000
Sudasri_out OUT 488,outside,70.645259999999993,26.703890000000001,1530.849153999999999,2224.986394000000018,"32",75.375000000000000,2.355470000000000,2.250000000000000,"183600","58275",0.240930233000000
Sudasri_out OUT 506,outside,70.654210000000006,26.707650000000001,1787.606383999999935,2925.617108999999800,"34",87.250000000000000,2.566180000000000,2.125000000000000,"179100","63000",0.260223048000000
Sudasri_out OUT 529,outside,70.658690000000007,26.709530000000001,2010.843026000000009,3273.833282000000054,"31",41.250000000000000,1.330650000000000,1.250000000000000,"217350","24300",0.100558659000000
Sudasri_out OUT 561,outside,70.662909999999997,26.711549999999999,2255.352899999999863,3482.060957000000144,"33",40.750000000000000,1.234850000000000,1.125000000000000,"89550","152100",0.629422719000000
Sudasri_out OUT 562,outside,70.661079999999998,26.715430000000001,1816.828430000000026,3019.017644999999902,"34",50.000000000000000,1.470590000000000,1.375000000000000,"118350","123525",0.510697674000000
Sudasri_out OUT 597,outside,70.665549999999996,26.717310000000001,2039.962661999999909,2959.476074000000153,"32",39.125000000000000,1.222660000000000,1.187500000000000,"101700","140175",0.579534884000000
Sudasri_out OUT 598,outside,70.663460000000001,26.721329999999998,1652.065440999999964,2481.550134999999955,"34",52.750000000000000,1.551470000000000,1.500000000000000,"204075","38025",0.157063197000000
Sudasri_out OUT 619,outside,70.667940000000002,26.723210000000002,2019.074151999999913,2302.749983000000157,"30",47.250000000000000,1.575000000000000,1.500000000000000,"148500","93150",0.385474860000000
Sudasri_out OUT 620,outside,70.665850000000006,26.727229999999999,1736.279892999999902,2036.699123000000100,"33",40.375000000000000,1.223480000000000,1.125000000000000,"205875","36225",0.149628253000000
Sudasri_out OUT 627,outside,70.670320000000004,26.729109999999999,2138.340846999999940,1678.430434000000105,"31",36.625000000000000,1.181450000000000,1.000000000000000,"207000","34650",0.143389199000000
Sudasri_out OUT 628,outside,70.668229999999994,26.733129999999999,1883.996529999999893,1624.920022000000017,"34",41.625000000000000,1.224260000000000,1.250000000000000,"192375","49500",0.204651163000000
Sudasri_out OUT 629,outside,70.666139999999999,26.737159999999999,1686.006986999999981,1334.130648999999949,"34",43.625000000000000,1.283090000000000,1.250000000000000,"218475","23625",0.097583643000000
Sudasri_out OUT 637,outside,70.670620000000000,26.739039999999999,2137.524876999999833,1251.706331999999975,"33",31.625000000000000,0.958330000000000,0.750000000000000,"190800","51075",0.211162791000000
Sudasri_out OUT 638,outside,70.668530000000004,26.743060000000000,1989.775008999999955,1319.447179000000006,"31",39.125000000000000,1.262100000000000,1.125000000000000,"162900","78975",0.326511628000000
Sudasri_out OUT 643,outside,70.658060000000006,26.763169999999999,1720.012588999999934,474.410883300000023,"33",50.125000000000000,1.518940000000000,1.500000000000000,"69075","173025",0.714684015000000
Sudasri_out OUT 647,outside,70.670919999999995,26.748960000000000,2280.275510999999824,1488.097050999999965,"34",105.875000000000000,3.113970000000000,2.937500000000000,"165150","76725",0.317209302000000
Sudasri_out OUT 648,outside,70.668819999999997,26.752980000000001,2084.235162999999829,1376.454707999999982,"33",62.750000000000000,1.901520000000000,1.750000000000000,"64125","177750",0.734883721000000
Sudasri_out OUT 649,outside,70.666730000000001,26.757000000000001,1994.033183000000008,912.498356100000024,"34",46.625000000000000,1.371320000000000,1.187500000000000,"103725","138375",0.571561338000000
